Sample,Pathlength,Temperature,Absorbance
1,1,4.78,0.004394531
1,1,5.5,-0.000579834
1,1,6.03,7.78E-04
1,1,6.52,0.001037598
1,1,7.03,0.001068115
1,1,7.53,0.001678467
1,1,8.02,0.001800537
1,1,8.54,1.75E-03
1,1,9.04,9.92E-04
1,1,9.54,1.45E-03
1,1,10.04,0.00112915
1,1,10.55,8.70E-04
1,1,11.05,0.001525879
1,1,11.55,0.000946045
1,1,12.06,9.00E-04
1,1,12.56,1.54E-03
1,1,13.06,1.36E-03
1,1,13.56,0.000823975
1,1,14.07,0.000640869
1,1,14.57,0.000671387
1,1,15.07,0.000579834
1,1,15.58,7.17E-04
1,1,16.08,0.000762939
1,1,16.58,0.001434326
1,1,17.09,9.92E-04
1,1,17.6,1.27E-03
1,1,18.11,0.000946045
1,1,18.61,9.92E-04
1,1,19.12,0.00088501
1,1,19.63,0.000823975
1,1,20.13,1.27E-03
1,1,20.68,5.95E-04
1,1,21.16,0.000854492
1,1,21.67,6.87E-04
1,1,22.16,0.000976563
1,1,22.65,0.001403809
1,1,23.16,0.001037598
1,1,23.65,0.000732422
1,1,24.14,9.00E-04
1,1,24.64,0.000762939
1,1,25.14,1.27E-03
1,1,25.63,0.001251221
1,1,26.12,0.001983643
1,1,26.64,1.27E-03
1,1,27.19,9.92E-04
1,1,27.68,1.30E-03
1,1,28.19,0.00112915
1,1,28.66,0.001525879
1,1,29.16,0.001678467
1,1,29.67,1.72E-03
1,1,30.16,0.001861572
1,1,30.66,0.001525879
1,1,31.16,1.66E-03
1,1,31.66,0.001403809
1,1,32.16,2.30E-03
1,1,32.67,0.002258301
1,1,33.17,1.66E-03
1,1,33.67,1.72E-03
1,1,34.17,0.001953125
1,1,34.67,1.45E-03
1,1,35.17,0.002166748
1,1,35.68,0.001708984
1,1,36.18,1.30E-03
1,1,36.68,0.001525879
1,1,37.18,0.00177002
1,1,37.69,1.57E-03
1,1,38.19,0.001586914
1,1,38.69,1.72E-03
1,1,39.2,1.54E-03
1,1,39.7,1.72E-03
1,1,40.19,1.85E-03
1,1,40.7,2.21E-03
1,1,41.2,1.88E-03
1,1,41.7,0.002319336
1,1,42.21,2.12E-03
1,1,42.71,1.85E-03
1,1,43.21,2.33E-03
1,1,43.72,0.001831055
1,1,44.2,0.001617432
1,1,44.71,1.72E-03
1,1,45.23,1.17E-03
1,1,45.72,0.001373291
1,1,46.22,0.001800537
1,1,46.73,0.001190186
1,1,47.23,0.000823975
1,1,47.96,2.43E-03
1,1,48.7,4.43E-04
1,1,49.22,0.000823975
1,1,49.74,-1.07E-04
1,1,50.23,0.000762939
1,1,50.73,5.95E-04
1,1,51.22,0.000549316
1,1,51.74,4.12E-04
1,1,52.23,0.00088501
1,1,52.75,0.000610352
1,1,53.23,8.09E-04
1,1,53.74,0.000732422
1,1,54.24,0.000610352
1,1,54.74,0.000732422
1,1,55.25,0.000854492
1,1,55.75,0.00088501
1,1,56.25,1.54E-03
1,1,56.76,0.000579834
1,1,57.24,0.001312256
1,1,57.76,1.24E-03
1,1,58.26,0.001190186
1,1,58.75,1.66E-03
1,1,59.24,0.001464844
1,1,59.76,1.57E-03
1,1,60.26,1.75E-03
1,1,60.77,0.00201416
1,1,61.27,0.001861572
1,1,61.78,2.00E-03
1,1,62.28,0.002166748
1,1,62.78,2.43E-03
1,1,63.27,0.002410889
1,1,63.78,0.002624512
1,1,64.29,2.15E-03
1,1,64.79,2.43E-03
1,1,65.28,0.002807617
1,1,65.8,2.33E-03
1,1,66.28,0.003234863
1,1,66.79,0.002960205
1,1,67.3,0.003814697
1,1,67.8,0.003417969
1,1,68.3,3.25E-03
1,1,68.81,3.22E-03
1,1,69.31,3.68E-03
1,1,69.82,4.53E-03
1,1,70.32,0.003875732
1,1,70.8,4.32E-03
1,1,71.32,4.26E-03
1,1,71.82,0.004089355
1,1,72.33,4.90E-03
1,1,72.82,0.00491333
1,1,73.33,4.71E-03
1,1,73.82,5.26E-03
1,1,74.33,0.005371094
1,1,74.83,0.004943848
1,1,75.34,0.005737305
1,1,75.83,5.84E-03
1,1,76.34,6.00E-03
1,1,76.84,0.005554199
1,1,77.35,6.45E-03
1,1,77.84,0.006286621
1,1,78.34,6.45E-03
1,1,78.85,5.97E-03
1,1,79.35,0.00680542
1,1,79.85,7.22E-03
1,1,80.35,0.006896973
1,1,80.85,6.91E-03
1,1,81.36,0.007171631
1,1,81.86,7.74E-03
1,1,82.36,0.007537842
1,1,82.86,0.007537842
1,1,83.37,7.68E-03
1,1,83.86,0.008544922
1,1,84.37,0.008483887
1,1,84.88,0.008453369
1,1,85.37,8.62E-03
1,1,85.87,9.84E-03
1,1,86.38,0.00958252
1,1,86.89,8.80E-03
1,1,87.38,9.69E-03
1,1,87.89,1.02E-02
1,1,88.39,1.00E-02
1,1,88.89,1.07E-02
1,1,89.39,0.010314941
1,1,89.89,0.010253906
1,1,90.4,0.010925293
1,1,90.9,1.12E-02
1,1,91.4,0.011322021
1,1,91.9,1.19E-02
1,1,92.4,1.16E-02
1,1,92.91,0.012084961
1,1,93.41,0.013153076
1,1,93.91,1.22E-02
1,1,94.41,0.012634277
1,1,94.91,0.01361084
1,1,95.42,0.013916016
2,1,4.77,0.272323608
2,1,5.5,0.271255493
2,1,6.03,0.270782471
2,1,6.52,0.271453857
2,1,7.03,0.270401001
2,1,7.53,0.270599365
2,1,8.03,0.270812988
2,1,8.54,0.270828247
2,1,9.04,0.270767212
2,1,9.54,0.27104187
2,1,10.05,0.271087646
2,1,10.55,0.271148682
2,1,11.05,0.271331787
2,1,11.56,0.270751953
2,1,12.05,0.2709198
2,1,12.56,0.271118164
2,1,13.06,0.271514893
2,1,13.57,0.271850586
2,1,14.07,0.271392822
2,1,14.57,0.271972656
2,1,15.07,0.271759033
2,1,15.58,0.271316528
2,1,16.09,0.272399902
2,1,16.59,0.271942139
2,1,17.1,0.272140503
2,1,17.6,0.271484375
2,1,18.12,0.271987915
2,1,18.62,0.271942139
2,1,19.13,0.272186279
2,1,19.63,0.272140503
2,1,20.14,0.272399902
2,1,20.68,0.272247314
2,1,21.17,0.272125244
2,1,21.68,0.272491455
2,1,22.17,0.272293091
2,1,22.66,0.272293091
2,1,23.16,0.272949219
2,1,23.65,0.272476196
2,1,24.14,0.272460938
2,1,24.64,0.272415161
2,1,25.14,0.272705078
2,1,25.64,0.273162842
2,1,26.13,0.273117065
2,1,26.65,0.273345947
2,1,27.19,0.273590088
2,1,27.68,0.273605347
2,1,28.18,0.273666382
2,1,28.67,0.274230957
2,1,29.17,0.274581909
2,1,29.68,0.274978638
2,1,30.16,0.275115967
2,1,30.67,0.275161743
2,1,31.16,0.275375366
2,1,31.66,0.27583313
2,1,32.16,0.276565552
2,1,32.67,0.276870728
2,1,33.17,0.277252197
2,1,33.67,0.277648926
2,1,34.17,0.278564453
2,1,34.68,0.279083252
2,1,35.18,0.279602051
2,1,35.68,0.280975342
2,1,36.19,0.281509399
2,1,36.68,0.281936646
2,1,37.18,0.282562256
2,1,37.69,0.28364563
2,1,38.2,0.284408569
2,1,38.69,0.285354614
2,1,39.2,0.286941528
2,1,39.7,0.287582397
2,1,40.19,0.289093018
2,1,40.7,0.289978027
2,1,41.2,0.291397095
2,1,41.71,0.292861938
2,1,42.21,0.293716431
2,1,42.71,0.295379639
2,1,43.22,0.297241211
2,1,43.72,0.297958374
2,1,44.21,0.300613403
2,1,44.72,0.301803589
2,1,45.23,0.302383423
2,1,45.72,0.30480957
2,1,46.22,0.306213379
2,1,46.73,0.307098389
2,1,47.23,0.308029175
2,1,47.96,0.310943604
2,1,48.71,0.311859131
2,1,49.22,0.313583374
2,1,49.74,0.314300537
2,1,50.24,0.31628418
2,1,50.73,0.316345215
2,1,51.23,0.317092896
2,1,51.75,0.318130493
2,1,52.23,0.31803894
2,1,52.75,0.32019043
2,1,53.23,0.320236206
2,1,53.74,0.320236206
2,1,54.25,0.321289063
2,1,54.74,0.32182312
2,1,55.24,0.322067261
2,1,55.75,0.322387695
2,1,56.25,0.322692871
2,1,56.77,0.323760986
2,1,57.25,0.323577881
2,1,57.76,0.324279785
2,1,58.27,0.32460022
2,1,58.75,0.324890137
2,1,59.25,0.32472229
2,1,59.77,0.326141357
2,1,60.26,0.325897217
2,1,60.76,0.325302124
2,1,61.29,0.326156616
2,1,61.79,0.325714111
2,1,62.28,0.326980591
2,1,62.78,0.32661438
2,1,63.27,0.327682495
2,1,63.79,0.32711792
2,1,64.28,0.328399658
2,1,64.8,0.327835083
2,1,65.29,0.328887939
2,1,65.81,0.328887939
2,1,66.29,0.328994751
2,1,66.8,0.329284668
2,1,67.29,0.329971313
2,1,67.81,0.330154419
2,1,68.3,0.33026123
2,1,68.82,0.330352783
2,1,69.32,0.329986572
2,1,69.82,0.330429077
2,1,70.32,0.331192017
2,1,70.8,0.330230713
2,1,71.32,0.331359863
2,1,71.82,0.330215454
2,1,72.33,0.330444336
2,1,72.83,0.330795288
2,1,73.33,0.330383301
2,1,73.82,0.329849243
2,1,74.33,0.329650879
2,1,74.84,0.32963562
2,1,75.34,0.329116821
2,1,75.83,0.329788208
2,1,76.34,0.32989502
2,1,76.84,0.330032349
2,1,77.34,0.330505371
2,1,77.84,0.330780029
2,1,78.34,0.330215454
2,1,78.84,0.33013916
2,1,79.35,0.331497192
2,1,79.85,0.331253052
2,1,80.36,0.331710815
2,1,80.85,0.331634521
2,1,81.36,0.331359863
2,1,81.86,0.332946777
2,1,82.36,0.331939697
2,1,82.87,0.332519531
2,1,83.37,0.332122803
2,1,83.87,0.332336426
2,1,84.38,0.332687378
2,1,84.88,0.333297729
2,1,85.37,0.333389282
2,1,85.88,0.333557129
2,1,86.38,0.334121704
2,1,86.88,0.334228516
2,1,87.38,0.334274292
2,1,87.89,0.334350586
2,1,88.39,0.334869385
2,1,88.89,0.334075928
2,1,89.39,0.33493042
2,1,89.89,0.336120605
2,1,90.4,0.335617065
2,1,90.9,0.335372925
2,1,91.4,0.335784912
2,1,91.9,0.336746216
2,1,92.4,0.336334229
2,1,92.9,0.336395264
2,1,93.41,0.336639404
2,1,93.91,0.336776733
2,1,94.42,0.336807251
2,1,94.91,0.337722778
2,1,95.42,0.338134766
3,1,4.77,0.465652466
3,1,5.5,0.462478638
3,1,6.03,0.462493896
3,1,6.52,0.463043213
3,1,7.04,0.463058472
3,1,7.54,0.463912964
3,1,8.04,0.463912964
3,1,8.55,0.463378906
3,1,9.05,0.463973999
3,1,9.55,0.463745117
3,1,10.06,0.464569092
3,1,10.56,0.464172363
3,1,11.06,0.464050293
3,1,11.56,0.464019775
3,1,12.06,0.464248657
3,1,12.57,0.46472168
3,1,13.07,0.464813232
3,1,13.57,0.464614868
3,1,14.07,0.46496582
3,1,14.58,0.465240479
3,1,15.08,0.465621948
3,1,15.59,0.465316772
3,1,16.09,0.465103149
3,1,16.59,0.464920044
3,1,17.1,0.465179443
3,1,17.61,0.465316772
3,1,18.12,0.465393066
3,1,18.61,0.465957642
3,1,19.13,0.465927124
3,1,19.63,0.466094971
3,1,20.14,0.465881348
3,1,20.68,0.466430664
3,1,21.17,0.466079712
3,1,21.68,0.46647644
3,1,22.17,0.466323853
3,1,22.66,0.466522217
3,1,23.16,0.466552734
3,1,23.65,0.466430664
3,1,24.14,0.466674805
3,1,24.65,0.466812134
3,1,25.13,0.46685791
3,1,25.64,0.467178345
3,1,26.13,0.467727661
3,1,26.65,0.468185425
3,1,27.19,0.468002319
3,1,27.68,0.468460083
3,1,28.18,0.468795776
3,1,28.67,0.469039917
3,1,29.17,0.469329834
3,1,29.68,0.469482422
3,1,30.16,0.469726563
3,1,30.67,0.469680786
3,1,31.16,0.470657349
3,1,31.66,0.471191406
3,1,32.17,0.470809937
3,1,32.67,0.472137451
3,1,33.18,0.472366333
3,1,33.68,0.472854614
3,1,34.18,0.473648071
3,1,34.69,0.474227905
3,1,35.18,0.476089478
3,1,35.68,0.477081299
3,1,36.19,0.477264404
3,1,36.69,0.477798462
3,1,37.19,0.479385376
3,1,37.7,0.48059082
3,1,38.2,0.481658936
3,1,38.69,0.483123779
3,1,39.2,0.484436035
3,1,39.7,0.486419678
3,1,40.2,0.487960815
3,1,40.7,0.489471436
3,1,41.2,0.490707397
3,1,41.72,0.493164063
3,1,42.21,0.49458313
3,1,42.72,0.497161865
3,1,43.22,0.499023438
3,1,43.73,0.500930786
3,1,44.21,0.503540039
3,1,44.72,0.505340576
3,1,45.23,0.507766724
3,1,45.72,0.511184692
3,1,46.22,0.513031006
3,1,46.73,0.514465332
3,1,47.24,0.516937256
3,1,47.95,0.521621704
3,1,48.72,0.523239136
3,1,49.23,0.525497437
3,1,49.75,0.527893066
3,1,50.24,0.529541016
3,1,50.73,0.53125
3,1,51.23,0.533325195
3,1,51.75,0.535202026
3,1,52.23,0.535507202
3,1,52.76,0.538009644
3,1,53.23,0.538604736
3,1,53.74,0.540420532
3,1,54.25,0.541778564
3,1,54.74,0.542602539
3,1,55.25,0.543869019
3,1,55.76,0.544418335
3,1,56.27,0.544433594
3,1,56.76,0.544403076
3,1,57.25,0.543273926
3,1,57.76,0.544143677
3,1,58.28,0.544067383
3,1,58.75,0.545349121
3,1,59.25,0.545318604
3,1,59.77,0.546539307
3,1,60.26,0.545959473
3,1,60.77,0.545654297
3,1,61.28,0.546051025
3,1,61.79,0.546585083
3,1,62.29,0.547683716
3,1,62.79,0.547912598
3,1,63.27,0.548339844
3,1,63.8,0.548553467
3,1,64.29,0.549850464
3,1,64.81,0.550094604
3,1,65.28,0.5496521
3,1,65.81,0.550460815
3,1,66.29,0.549942017
3,1,66.8,0.550918579
3,1,67.3,0.549835205
3,1,67.81,0.550598145
3,1,68.31,0.550720215
3,1,68.82,0.550827026
3,1,69.32,0.551773071
3,1,69.82,0.551422119
3,1,70.33,0.551559448
3,1,70.81,0.552536011
3,1,71.32,0.55229187
3,1,71.82,0.552154541
3,1,72.33,0.551818848
3,1,72.83,0.552536011
3,1,73.33,0.55317688
3,1,73.82,0.552871704
3,1,74.33,0.55305481
3,1,74.84,0.55279541
3,1,75.34,0.553527832
3,1,75.84,0.55355835
3,1,76.35,0.553939819
3,1,76.84,0.554275513
3,1,77.35,0.553985596
3,1,77.85,0.55456543
3,1,78.35,0.553771973
3,1,78.85,0.554641724
3,1,79.35,0.554580688
3,1,79.86,0.554931641
3,1,80.36,0.554885864
3,1,80.86,0.554931641
3,1,81.37,0.555175781
3,1,81.86,0.555786133
3,1,82.36,0.555938721
3,1,82.87,0.556259155
3,1,83.38,0.556274414
3,1,83.88,0.556747437
3,1,84.39,0.556945801
3,1,84.88,0.557266235
3,1,85.38,0.556365967
3,1,85.88,0.556808472
3,1,86.39,0.556564331
3,1,86.89,0.557388306
3,1,87.39,0.557525635
3,1,87.9,0.55770874
3,1,88.38,0.557907104
3,1,88.89,0.557327271
3,1,89.4,0.557800293
3,1,89.9,0.558151245
3,1,90.39,0.559066772
3,1,90.89,0.558349609
3,1,91.4,0.559036255
3,1,91.9,0.558990479
3,1,92.41,0.558639526
3,1,92.91,0.559310913
3,1,93.41,0.559921265
3,1,93.92,0.559692383
3,1,94.41,0.560348511
3,1,94.92,0.560333252
3,1,95.42,0.560195923
4,1,4.76,0.723403931
4,1,5.5,0.71875
4,1,6.03,0.720565796
4,1,6.53,0.721893311
4,1,7.05,0.721130371
4,1,7.54,0.721481323
4,1,8.04,0.720687866
4,1,8.55,0.720932007
4,1,9.05,0.721191406
4,1,9.55,0.722015381
4,1,10.06,0.721679688
4,1,10.56,0.721923828
4,1,11.06,0.721679688
4,1,11.56,0.721710205
4,1,12.07,0.722366333
4,1,12.57,0.722305298
4,1,13.07,0.722000122
4,1,13.58,0.722747803
4,1,14.07,0.722854614
4,1,14.58,0.722686768
4,1,15.07,0.722915649
4,1,15.59,0.722885132
4,1,16.09,0.723373413
4,1,16.6,0.72303772
4,1,17.1,0.724060059
4,1,17.61,0.724121094
4,1,18.12,0.723434448
4,1,18.62,0.724746704
4,1,19.13,0.725097656
4,1,19.63,0.725524902
4,1,20.13,0.72555542
4,1,20.69,0.724075317
4,1,21.17,0.725143433
4,1,21.68,0.725524902
4,1,22.18,0.725067139
4,1,22.66,0.726150513
4,1,23.17,0.726547241
4,1,23.65,0.726119995
4,1,24.15,0.725769043
4,1,24.65,0.726226807
4,1,25.14,0.726821899
4,1,25.64,0.727294922
4,1,26.13,0.726928711
4,1,26.66,0.727828979
4,1,27.2,0.727294922
4,1,27.69,0.728851318
4,1,28.19,0.728790283
4,1,28.67,0.729919434
4,1,29.17,0.729934692
4,1,29.68,0.730209351
4,1,30.16,0.729690552
4,1,30.68,0.731109619
4,1,31.17,0.731628418
4,1,31.67,0.732299805
4,1,32.18,0.73223877
4,1,32.68,0.73425293
4,1,33.18,0.735458374
4,1,33.68,0.734542847
4,1,34.18,0.736206055
4,1,34.68,0.73664856
4,1,35.18,0.738571167
4,1,35.68,0.740356445
4,1,36.2,0.740402222
4,1,36.69,0.741928101
4,1,37.19,0.743743896
4,1,37.69,0.745452881
4,1,38.2,0.746688843
4,1,38.7,0.749649048
4,1,39.2,0.751785278
4,1,39.71,0.753601074
4,1,40.21,0.755493164
4,1,40.71,0.758544922
4,1,41.2,0.759658813
4,1,41.71,0.763793945
4,1,42.22,0.765640259
4,1,42.71,0.768478394
4,1,43.22,0.771514893
4,1,43.72,0.775436401
4,1,44.22,0.77822876
4,1,44.72,0.781845093
4,1,45.24,0.786193848
4,1,45.73,0.789520264
4,1,46.23,0.792938232
4,1,46.73,0.796905518
4,1,47.24,0.799560547
4,1,47.95,0.809020996
4,1,48.72,0.812683105
4,1,49.23,0.815887451
4,1,49.75,0.820281982
4,1,50.24,0.823043823
4,1,50.74,0.826309204
4,1,51.23,0.829025269
4,1,51.75,0.833145142
4,1,52.23,0.834838867
4,1,52.76,0.83934021
4,1,53.24,0.842224121
4,1,53.75,0.843154907
4,1,54.26,0.84588623
4,1,54.74,0.848144531
4,1,55.24,0.850601196
4,1,55.76,0.851013184
4,1,56.26,0.853485107
4,1,56.77,0.855819702
4,1,57.25,0.856582642
4,1,57.77,0.857727051
4,1,58.28,0.859466553
4,1,58.76,0.860855103
4,1,59.25,0.86076355
4,1,59.78,0.862609863
4,1,60.27,0.862884521
4,1,60.78,0.862976074
4,1,61.28,0.862915039
4,1,61.79,0.864929199
4,1,62.29,0.866256714
4,1,62.79,0.866149902
4,1,63.28,0.86706543
4,1,63.79,0.866943359
4,1,64.29,0.867523193
4,1,64.8,0.868911743
4,1,65.29,0.868484497
4,1,65.81,0.870254517
4,1,66.29,0.868865967
4,1,66.8,0.870117188
4,1,67.31,0.869781494
4,1,67.81,0.871459961
4,1,68.31,0.870376587
4,1,68.82,0.871185303
4,1,69.32,0.87109375
4,1,69.82,0.871170044
4,1,70.33,0.872161865
4,1,70.81,0.872634888
4,1,71.32,0.873077393
4,1,71.82,0.873184204
4,1,72.33,0.873825073
4,1,72.83,0.873519897
4,1,73.33,0.875152588
4,1,73.82,0.874481201
4,1,74.34,0.874572754
4,1,74.84,0.875030518
4,1,75.34,0.874801636
4,1,75.84,0.875152588
4,1,76.34,0.875259399
4,1,76.85,0.875747681
4,1,77.35,0.875488281
4,1,77.85,0.876541138
4,1,78.35,0.87612915
4,1,78.85,0.876968384
4,1,79.35,0.877182007
4,1,79.85,0.876907349
4,1,80.36,0.877700806
4,1,80.86,0.877807617
4,1,81.36,0.877578735
4,1,81.86,0.87789917
4,1,82.37,0.878738403
4,1,82.87,0.878540039
4,1,83.37,0.878463745
4,1,83.88,0.879333496
4,1,84.38,0.878814697
4,1,84.89,0.880264282
4,1,85.38,0.87979126
4,1,85.88,0.880233765
4,1,86.39,0.879760742
4,1,86.89,0.87979126
4,1,87.39,0.880966187
4,1,87.89,0.880340576
4,1,88.39,0.880981445
4,1,88.89,0.880477905
4,1,89.4,0.880386353
4,1,89.9,0.880828857
4,1,90.4,0.881378174
4,1,90.9,0.881149292
4,1,91.4,0.88117981
4,1,91.91,0.88180542
4,1,92.41,0.881378174
4,1,92.91,0.88192749
4,1,93.41,0.882278442
4,1,93.91,0.882385254
4,1,94.41,0.882965088
4,1,94.92,0.881912231
4,1,95.42,0.882797241
5,1,4.75,1.153778076
5,1,5.51,1.152755737
5,1,6.04,1.154052734
5,1,6.53,1.154342651
5,1,7.04,1.155151367
5,1,7.54,1.154602051
5,1,8.05,1.155517578
5,1,8.55,1.154937744
5,1,9.05,1.155990601
5,1,9.55,1.157333374
5,1,10.06,1.157196045
5,1,10.56,1.157516479
5,1,11.06,1.157684326
5,1,11.57,1.158401489
5,1,12.08,1.158248901
5,1,12.57,1.158401489
5,1,13.08,1.158721924
5,1,13.58,1.159088135
5,1,14.07,1.159301758
5,1,14.58,1.159225464
5,1,15.08,1.159057617
5,1,15.6,1.159851074
5,1,16.09,1.160751343
5,1,16.6,1.161087036
5,1,17.1,1.16027832
5,1,17.61,1.161727905
5,1,18.12,1.161911011
5,1,18.62,1.161743164
5,1,19.14,1.162231445
5,1,19.64,1.162094116
5,1,20.14,1.161880493
5,1,20.69,1.162414551
5,1,21.17,1.163452148
5,1,21.69,1.163894653
5,1,22.18,1.163711548
5,1,22.66,1.163848877
5,1,23.17,1.163406372
5,1,23.66,1.164245605
5,1,24.15,1.164382935
5,1,24.65,1.164306641
5,1,25.15,1.164520264
5,1,25.64,1.164703369
5,1,26.14,1.166122437
5,1,26.66,1.165512085
5,1,27.2,1.166473389
5,1,27.7,1.166305542
5,1,28.19,1.166351318
5,1,28.68,1.167709351
5,1,29.18,1.167495728
5,1,29.69,1.168380737
5,1,30.17,1.16897583
5,1,30.68,1.1693573
5,1,31.17,1.170516968
5,1,31.67,1.17048645
5,1,32.18,1.170684814
5,1,32.68,1.172088623
5,1,33.18,1.173721313
5,1,33.69,1.173248291
5,1,34.19,1.174972534
5,1,34.69,1.176376343
5,1,35.19,1.177444458
5,1,35.69,1.179916382
5,1,36.2,1.180343628
5,1,36.69,1.181732178
5,1,37.19,1.18460083
5,1,37.7,1.185897827
5,1,38.2,1.187210083
5,1,38.7,1.190689087
5,1,39.21,1.193328857
5,1,39.71,1.195037842
5,1,40.21,1.19909668
5,1,40.71,1.202423096
5,1,41.21,1.204742432
5,1,41.72,1.207901001
5,1,42.22,1.211761475
5,1,42.72,1.215744019
5,1,43.23,1.220565796
5,1,43.74,1.224807739
5,1,44.22,1.227859497
5,1,44.73,1.232925415
5,1,45.23,1.239212036
5,1,45.73,1.243637085
5,1,46.23,1.249221802
5,1,46.74,1.254043579
5,1,47.24,1.260421753
5,1,47.95,1.272369385
5,1,48.72,1.277328491
5,1,49.23,1.28338623
5,1,49.75,1.290008545
5,1,50.24,1.295898438
5,1,50.74,1.302139282
5,1,51.24,1.307159424
5,1,51.75,1.312728882
5,1,52.24,1.317504883
5,1,52.76,1.32359314
5,1,53.24,1.328353882
5,1,53.75,1.332687378
5,1,54.26,1.337203979
5,1,54.74,1.3412323
5,1,55.25,1.345016479
5,1,55.76,1.348632813
5,1,56.26,1.351028442
5,1,56.77,1.354705811
5,1,57.25,1.357498169
5,1,57.78,1.359542847
5,1,58.28,1.361724854
5,1,58.75,1.363525391
5,1,59.26,1.366073608
5,1,59.78,1.366744995
5,1,60.26,1.36895752
5,1,60.77,1.370498657
5,1,61.29,1.3722229
5,1,61.79,1.372955322
5,1,62.29,1.374465942
5,1,62.79,1.375686646
5,1,63.28,1.377120972
5,1,63.8,1.376937866
5,1,64.3,1.379425049
5,1,64.8,1.379425049
5,1,65.29,1.379653931
5,1,65.81,1.381271362
5,1,66.29,1.382156372
5,1,66.8,1.38420105
5,1,67.31,1.383926392
5,1,67.82,1.387390137
5,1,68.31,1.387466431
5,1,68.83,1.387115479
5,1,69.32,1.389297485
5,1,69.82,1.390563965
5,1,70.33,1.390289307
5,1,70.82,1.389923096
5,1,71.33,1.389343262
5,1,71.82,1.389663696
5,1,72.33,1.390335083
5,1,72.84,1.389129639
5,1,73.34,1.389892578
5,1,73.83,1.389648438
5,1,74.33,1.389572144
5,1,74.85,1.388015747
5,1,75.35,1.387374878
5,1,75.84,1.386322021
5,1,76.34,1.389129639
5,1,76.85,1.388092041
5,1,77.35,1.386138916
5,1,77.85,1.387466431
5,1,78.35,1.386230469
5,1,78.85,1.388320923
5,1,79.36,1.387924194
5,1,79.85,1.388046265
5,1,80.36,1.388809204
5,1,80.86,1.389038086
5,1,81.37,1.38873291
5,1,81.86,1.388320923
5,1,82.37,1.387832642
5,1,82.87,1.388320923
5,1,83.37,1.38961792
5,1,83.87,1.389648438
5,1,84.38,1.389480591
5,1,84.89,1.390289307
5,1,85.38,1.390014648
5,1,85.89,1.389251709
5,1,86.39,1.391281128
5,1,86.9,1.389877319
5,1,87.39,1.390289307
5,1,87.89,1.388412476
5,1,88.4,1.390060425
5,1,88.9,1.389572144
5,1,89.4,1.390060425
5,1,89.9,1.391143799
5,1,90.4,1.390563965
5,1,90.9,1.389984131
5,1,91.4,1.390960693
5,1,91.92,1.391235352
5,1,92.4,1.390151978
5,1,92.91,1.390594482
5,1,93.42,1.389480591
5,1,93.92,1.390106201
5,1,94.41,1.390869141
5,1,94.92,1.391494751
5,1,95.42,1.39100647
6,0.5,4.97,1.003097534
6,0.5,5.49,1.003463745
6,0.5,6.02,1.003707886
6,0.5,6.52,1.004455566
6,0.5,7.03,1.004547119
6,0.5,7.54,1.005004883
6,0.5,8.03,1.005996704
6,0.5,8.54,1.005523682
6,0.5,9.04,1.006561279
6,0.5,9.55,1.007125854
6,0.5,10.04,1.007141113
6,0.5,10.55,1.007217407
6,0.5,11.07,1.007125854
6,0.5,11.56,1.007400513
6,0.5,12.05,1.008209229
6,0.5,12.57,1.008895874
6,0.5,13.07,1.008361816
6,0.5,13.58,1.009048462
6,0.5,14.06,1.009155273
6,0.5,14.58,1.009613037
6,0.5,15.08,1.009460449
6,0.5,15.58,1.009963989
6,0.5,16.08,1.010452271
6,0.5,16.58,1.010162354
6,0.5,17.09,1.010742188
6,0.5,17.6,1.011169434
6,0.5,18.1,1.011764526
6,0.5,18.61,1.011367798
6,0.5,19.12,1.011398315
6,0.5,19.62,1.011901855
6,0.5,20.13,1.012084961
6,0.5,20.66,1.012649536
6,0.5,21.15,1.012954712
6,0.5,21.65,1.013183594
6,0.5,22.16,1.013580322
6,0.5,22.66,1.013916016
6,0.5,23.16,1.013549805
6,0.5,23.65,1.013961792
6,0.5,24.15,1.014389038
6,0.5,24.65,1.014770508
6,0.5,25.15,1.014862061
6,0.5,25.63,1.01411438
6,0.5,26.13,1.015228271
6,0.5,26.68,1.015625
6,0.5,27.19,1.015808105
6,0.5,27.68,1.015945435
6,0.5,28.19,1.01600647
6,0.5,28.68,1.015869141
6,0.5,29.16,1.016677856
6,0.5,29.67,1.016479492
6,0.5,30.16,1.01776123
6,0.5,30.66,1.017440796
6,0.5,31.18,1.017654419
6,0.5,31.68,1.017242432
6,0.5,32.18,1.017196655
6,0.5,32.68,1.018478394
6,0.5,33.18,1.018096924
6,0.5,33.69,1.017959595
6,0.5,34.18,1.019836426
6,0.5,34.68,1.019790649
6,0.5,35.18,1.020965576
6,0.5,35.68,1.020965576
6,0.5,36.19,1.021759033
6,0.5,36.69,1.022964478
6,0.5,37.19,1.024963379
6,0.5,37.7,1.026443481
6,0.5,38.21,1.028015137
6,0.5,38.7,1.028991699
6,0.5,39.2,1.031036377
6,0.5,39.72,1.032867432
6,0.5,40.22,1.034362793
6,0.5,40.72,1.036102295
6,0.5,41.21,1.039306641
6,0.5,41.73,1.041671753
6,0.5,42.22,1.044219971
6,0.5,42.71,1.04699707
6,0.5,43.23,1.049987793
6,0.5,43.73,1.053604126
6,0.5,44.24,1.057891846
6,0.5,44.74,1.061416626
6,0.5,45.24,1.065704346
6,0.5,45.75,1.069885254
6,0.5,46.24,1.074066162
6,0.5,46.74,1.077789307
6,0.5,47.25,1.082321167
6,0.5,47.94,1.092071533
6,0.5,48.72,1.097137451
6,0.5,49.26,1.102081299
6,0.5,49.76,1.10710144
6,0.5,50.27,1.112747192
6,0.5,50.76,1.117340088
6,0.5,51.27,1.12322998
6,0.5,51.77,1.127944946
6,0.5,52.26,1.133346558
6,0.5,52.78,1.138793945
6,0.5,53.28,1.143005371
6,0.5,53.78,1.14881897
6,0.5,54.28,1.153366089
6,0.5,54.78,1.156814575
6,0.5,55.28,1.161453247
6,0.5,55.78,1.167221069
6,0.5,56.28,1.169342041
6,0.5,56.78,1.173919678
6,0.5,57.29,1.177459717
6,0.5,57.79,1.179443359
6,0.5,58.3,1.182403564
6,0.5,58.8,1.186172485
6,0.5,59.3,1.187484741
6,0.5,59.8,1.189331055
6,0.5,60.29,1.190963745
6,0.5,60.8,1.192855835
6,0.5,61.32,1.194442749
6,0.5,61.82,1.196380615
6,0.5,62.31,1.196502686
6,0.5,62.82,1.19871521
6,0.5,63.31,1.198120117
6,0.5,63.84,1.199554443
6,0.5,64.33,1.201400757
6,0.5,64.84,1.202041626
6,0.5,65.33,1.202026367
6,0.5,65.83,1.202606201
6,0.5,66.33,1.203735352
6,0.5,66.84,1.204696655
6,0.5,67.34,1.204299927
6,0.5,67.82,1.205337524
6,0.5,68.34,1.205551147
6,0.5,68.85,1.205230713
6,0.5,69.35,1.206726074
6,0.5,69.85,1.206054688
6,0.5,70.36,1.207336426
6,0.5,70.86,1.206848145
6,0.5,71.35,1.208053589
6,0.5,71.84,1.207962036
6,0.5,72.37,1.208267212
6,0.5,72.87,1.208175659
6,0.5,73.38,1.208221436
6,0.5,73.88,1.208816528
6,0.5,74.38,1.208633423
6,0.5,74.88,1.209884644
6,0.5,75.39,1.208724976
6,0.5,75.9,1.209854126
6,0.5,76.4,1.209945679
6,0.5,76.9,1.210083008
6,0.5,77.4,1.209823608
6,0.5,77.9,1.210418701
6,0.5,78.4,1.213088989
6,0.5,78.91,1.214309692
6,0.5,79.41,1.214431763
6,0.5,79.92,1.214141846
6,0.5,80.42,1.21333313
6,0.5,80.91,1.213989258
6,0.5,81.41,1.213867188
6,0.5,81.92,1.214172363
6,0.5,82.42,1.213989258
6,0.5,82.93,1.213684082
6,0.5,83.43,1.214584351
6,0.5,83.94,1.214431763
6,0.5,84.44,1.214492798
6,0.5,84.33,1.214889526
6,0.5,85.29,1.214767456
6,0.5,85.9,1.214080811
6,0.5,86.44,1.214538574
6,0.5,86.96,1.214538574
6,0.5,86.81,1.215423584
6,0.5,87.8,1.214538574
6,0.5,88.42,1.214767456
6,0.5,88.32,1.215454102
6,0.5,89.3,1.215011597
6,0.5,89.94,1.214675903
6,0.5,89.8,1.214950562
6,0.5,90.81,1.214172363
6,0.5,91.44,1.214431763
6,0.5,91.3,1.215072632
6,0.5,92.3,1.214050293
6,0.5,92.94,1.21395874
6,0.5,92.81,1.215194702
6,0.5,93.81,1.213424683
6,0.5,94.44,1.214050293
6,0.5,94.97,1.214370728
6,0.5,95.47,1.213897705
7,0.5,4.99,1.552078247
7,0.5,5.48,1.548950195
7,0.5,6,1.550323486
7,0.5,6.49,1.551864624
7,0.5,7,1.552719116
7,0.5,7.5,1.551864624
7,0.5,8.01,1.554077148
7,0.5,8.51,1.555923462
7,0.5,9.02,1.555267334
7,0.5,9.53,1.555465698
7,0.5,10.03,1.555328369
7,0.5,10.54,1.555847168
7,0.5,11.03,1.557296753
7,0.5,11.54,1.557235718
7,0.5,12.04,1.558349609
7,0.5,12.54,1.559524536
7,0.5,13.04,1.558349609
7,0.5,13.55,1.559677124
7,0.5,14.05,1.560256958
7,0.5,14.55,1.561248779
7,0.5,15.06,1.562316895
7,0.5,15.56,1.56211853
7,0.5,16.06,1.562774658
7,0.5,16.58,1.562255859
7,0.5,17.07,1.562973022
7,0.5,17.58,1.563583374
7,0.5,18.07,1.56463623
7,0.5,18.58,1.563980103
7,0.5,19.09,1.565505981
7,0.5,19.59,1.565322876
7,0.5,20.09,1.566589355
7,0.5,20.63,1.56652832
7,0.5,21.12,1.566711426
7,0.5,21.63,1.567260742
7,0.5,22.13,1.567123413
7,0.5,22.63,1.567810059
7,0.5,23.12,1.568145752
7,0.5,23.62,1.567810059
7,0.5,24.11,1.567123413
7,0.5,24.62,1.568893433
7,0.5,25.11,1.568405151
7,0.5,25.61,1.569351196
7,0.5,26.1,1.569290161
7,0.5,26.67,1.569625854
7,0.5,27.17,1.571258545
7,0.5,27.68,1.570373535
7,0.5,28.19,1.572402954
7,0.5,28.7,1.573959351
7,0.5,29.19,1.572875977
7,0.5,29.7,1.572799683
7,0.5,30.21,1.573562622
7,0.5,30.68,1.57484436
7,0.5,31.19,1.5753479
7,0.5,31.68,1.57635498
7,0.5,32.18,1.575469971
7,0.5,32.68,1.576156616
7,0.5,33.19,1.576431274
7,0.5,33.68,1.577590942
7,0.5,34.18,1.57649231
7,0.5,34.67,1.57925415
7,0.5,35.18,1.580291748
7,0.5,35.67,1.579406738
7,0.5,36.19,1.580917358
7,0.5,36.67,1.583480835
7,0.5,37.18,1.583831787
7,0.5,37.69,1.584335327
7,0.5,38.19,1.58706665
7,0.5,38.69,1.589263916
7,0.5,39.19,1.589889526
7,0.5,39.69,1.59173584
7,0.5,40.2,1.594451904
7,0.5,40.69,1.597106934
7,0.5,41.21,1.599777222
7,0.5,41.7,1.60333252
7,0.5,42.2,1.606796265
7,0.5,42.7,1.609680176
7,0.5,43.21,1.613540649
7,0.5,43.71,1.617828369
7,0.5,44.2,1.622070313
7,0.5,44.71,1.626678467
7,0.5,45.21,1.632247925
7,0.5,45.72,1.63571167
7,0.5,46.22,1.641494751
7,0.5,46.71,1.64944458
7,0.5,47.23,1.654510498
7,0.5,47.98,1.668045044
7,0.5,48.71,1.673568726
7,0.5,49.22,1.678756714
7,0.5,49.73,1.687454224
7,0.5,50.23,1.694778442
7,0.5,50.72,1.703704834
7,0.5,51.23,1.712341309
7,0.5,51.72,1.718765259
7,0.5,52.23,1.725875854
7,0.5,52.73,1.735076904
7,0.5,53.24,1.742767334
7,0.5,53.74,1.750488281
7,0.5,54.24,1.758560181
7,0.5,54.75,1.766784668
7,0.5,55.25,1.774200439
7,0.5,55.74,1.779754639
7,0.5,56.24,1.786819458
7,0.5,56.74,1.790512085
7,0.5,57.24,1.796401978
7,0.5,57.75,1.800994873
7,0.5,58.26,1.807479858
7,0.5,58.75,1.812072754
7,0.5,59.26,1.816558838
7,0.5,59.77,1.819320679
7,0.5,60.26,1.821502686
7,0.5,60.78,1.826217651
7,0.5,61.26,1.828796387
7,0.5,61.78,1.830627441
7,0.5,62.26,1.830886841
7,0.5,62.76,1.833724976
7,0.5,63.28,1.834976196
7,0.5,63.78,1.837600708
7,0.5,64.25,1.838119507
7,0.5,64.77,1.839752197
7,0.5,65.28,1.841644287
7,0.5,65.8,1.840621948
7,0.5,66.26,1.841506958
7,0.5,66.79,1.843505859
7,0.5,67.3,1.845184326
7,0.5,67.79,1.841888428
7,0.5,68.3,1.841506958
7,0.5,68.78,1.848617554
7,0.5,69.29,1.846694946
7,0.5,69.8,1.846725464
7,0.5,70.32,1.845306396
7,0.5,70.81,1.845046997
7,0.5,71.31,1.846054077
7,0.5,71.81,1.849029541
7,0.5,72.32,1.84992981
7,0.5,72.83,1.850448608
7,0.5,73.3,1.853149414
7,0.5,73.82,1.850692749
7,0.5,74.32,1.849411011
7,0.5,74.81,1.852890015
7,0.5,75.31,1.853424072
7,0.5,75.83,1.854980469
7,0.5,76.33,1.849533081
7,0.5,76.83,1.852645874
7,0.5,77.33,1.851745605
7,0.5,77.83,1.852630615
7,0.5,78.34,1.851852417
7,0.5,78.85,1.85458374
7,0.5,79.35,1.852767944
7,0.5,79.83,1.85458374
7,0.5,80.35,1.853820801
7,0.5,80.85,1.855239868
7,0.5,81.36,1.851196289
7,0.5,81.86,1.853149414
7,0.5,82.36,1.854187012
7,0.5,82.87,1.8543396
7,0.5,83.37,1.853546143
7,0.5,83.87,1.851745605
7,0.5,84.35,1.852371216
7,0.5,84.87,1.84979248
7,0.5,85.38,1.855514526
7,0.5,85.88,1.853149414
7,0.5,86.38,1.855117798
7,0.5,86.88,1.853683472
7,0.5,87.37,1.851608276
7,0.5,87.88,1.853164673
7,0.5,88.38,1.850952148
7,0.5,88.89,1.853790283
7,0.5,89.39,1.850570679
7,0.5,89.89,1.853820801
7,0.5,90.39,1.854980469
7,0.5,90.9,1.853027344
7,0.5,91.39,1.852386475
7,0.5,91.9,1.853942871
7,0.5,92.37,1.851867676
7,0.5,92.9,1.851852417
7,0.5,93.41,1.850570679
7,0.5,93.91,1.853546143
7,0.5,94.41,1.849914551
7,0.5,94.91,1.849914551
7,0.5,95.41,1.851348877
8,0.1,4.98,0.526184082
8,0.1,5.49,0.528060913
8,0.1,6,0.527893066
8,0.1,6.49,0.528320313
8,0.1,7.01,0.529174805
8,0.1,7.51,0.528823853
8,0.1,8.02,0.529251099
8,0.1,8.52,0.529647827
8,0.1,9.03,0.529891968
8,0.1,9.53,0.529815674
8,0.1,10.03,0.530609131
8,0.1,10.54,0.530487061
8,0.1,11.03,0.531219482
8,0.1,11.55,0.531585693
8,0.1,12.05,0.531799316
8,0.1,12.55,0.532165527
8,0.1,13.05,0.532363892
8,0.1,13.55,0.532546997
8,0.1,14.05,0.533111572
8,0.1,14.56,0.533554077
8,0.1,15.07,0.533187866
8,0.1,15.56,0.533615112
8,0.1,16.07,0.533737183
8,0.1,16.57,0.534042358
8,0.1,17.08,0.534820557
8,0.1,17.58,0.535049438
8,0.1,18.08,0.535461426
8,0.1,18.58,0.535018921
8,0.1,19.09,0.535476685
8,0.1,19.59,0.536758423
8,0.1,20.09,0.536071777
8,0.1,20.63,0.535797119
8,0.1,21.12,0.536224365
8,0.1,21.63,0.536651611
8,0.1,22.13,0.536453247
8,0.1,22.62,0.537109375
8,0.1,23.13,0.537109375
8,0.1,23.62,0.537384033
8,0.1,24.12,0.53767395
8,0.1,24.62,0.537841797
8,0.1,25.11,0.538223267
8,0.1,25.61,0.538223267
8,0.1,26.1,0.538864136
8,0.1,26.68,0.538406372
8,0.1,27.18,0.538619995
8,0.1,27.68,0.538894653
8,0.1,28.2,0.539276123
8,0.1,28.7,0.539337158
8,0.1,29.2,0.539581299
8,0.1,29.71,0.539840698
8,0.1,30.2,0.539657593
8,0.1,30.69,0.540679932
8,0.1,31.19,0.540023804
8,0.1,31.69,0.540725708
8,0.1,32.19,0.541046143
8,0.1,32.68,0.541625977
8,0.1,33.18,0.54196167
8,0.1,33.69,0.541442871
8,0.1,34.19,0.542358398
8,0.1,34.68,0.543029785
8,0.1,35.18,0.542953491
8,0.1,35.68,0.54385376
8,0.1,36.18,0.543762207
8,0.1,36.69,0.544387817
8,0.1,37.18,0.545654297
8,0.1,37.69,0.545654297
8,0.1,38.19,0.546035767
8,0.1,38.69,0.546524048
8,0.1,39.19,0.547225952
8,0.1,39.7,0.548233032
8,0.1,40.2,0.548812866
8,0.1,40.7,0.549957275
8,0.1,41.21,0.550750732
8,0.1,41.7,0.551132202
8,0.1,42.2,0.552978516
8,0.1,42.71,0.553710938
8,0.1,43.21,0.554901123
8,0.1,43.72,0.556396484
8,0.1,44.21,0.557891846
8,0.1,44.72,0.559112549
8,0.1,45.22,0.561157227
8,0.1,45.72,0.562332153
8,0.1,46.22,0.56439209
8,0.1,46.71,0.566543579
8,0.1,47.22,0.56880188
8,0.1,47.97,0.573501587
8,0.1,48.71,0.574905396
8,0.1,49.22,0.577682495
8,0.1,49.73,0.579650879
8,0.1,50.23,0.582855225
8,0.1,50.73,0.585754395
8,0.1,51.23,0.588516235
8,0.1,51.73,0.592086792
8,0.1,52.23,0.594192505
8,0.1,52.73,0.597381592
8,0.1,53.24,0.600234985
8,0.1,53.74,0.603622437
8,0.1,54.24,0.607070923
8,0.1,54.75,0.610137939
8,0.1,55.25,0.612518311
8,0.1,55.74,0.615814209
8,0.1,56.24,0.618255615
8,0.1,56.75,0.621185303
8,0.1,57.23,0.623245239
8,0.1,57.75,0.626022339
8,0.1,58.27,0.628372192
8,0.1,58.76,0.630310059
8,0.1,59.26,0.632659912
8,0.1,59.77,0.634292603
8,0.1,60.26,0.636322021
8,0.1,60.77,0.637771606
8,0.1,61.26,0.638916016
8,0.1,61.79,0.640090942
8,0.1,62.26,0.641525269
8,0.1,62.76,0.642745972
8,0.1,63.28,0.643692017
8,0.1,63.79,0.644729614
8,0.1,64.26,0.646286011
8,0.1,64.78,0.646392822
8,0.1,65.29,0.646972656
8,0.1,65.8,0.64805603
8,0.1,66.26,0.648010254
8,0.1,66.8,0.648971558
8,0.1,67.3,0.648925781
8,0.1,67.79,0.649368286
8,0.1,68.31,0.649978638
8,0.1,68.78,0.650100708
8,0.1,69.31,0.650543213
8,0.1,69.81,0.651367188
8,0.1,70.32,0.651397705
8,0.1,70.81,0.651977539
8,0.1,71.32,0.652282715
8,0.1,71.81,0.652313232
8,0.1,72.32,0.652404785
8,0.1,72.83,0.653152466
8,0.1,73.31,0.652496338
8,0.1,73.82,0.652999878
8,0.1,74.31,0.653411865
8,0.1,74.82,0.653091431
8,0.1,75.32,0.65296936
8,0.1,75.83,0.653045654
8,0.1,76.34,0.653564453
8,0.1,76.84,0.654037476
8,0.1,77.33,0.653839111
8,0.1,77.83,0.653656006
8,0.1,78.35,0.654190063
8,0.1,78.85,0.654495239
8,0.1,79.35,0.654693604
8,0.1,79.84,0.654510498
8,0.1,80.35,0.654724121
8,0.1,80.85,0.655471802
8,0.1,81.36,0.655227661
8,0.1,81.86,0.654525757
8,0.1,82.36,0.655197144
8,0.1,82.87,0.654525757
8,0.1,83.37,0.65524292
8,0.1,83.87,0.655273438
8,0.1,84.36,0.655471802
8,0.1,84.87,0.654632568
8,0.1,85.38,0.654693604
8,0.1,85.88,0.654708862
8,0.1,86.38,0.655410767
8,0.1,86.88,0.654312134
8,0.1,87.37,0.655014038
8,0.1,87.88,0.654907227
8,0.1,88.39,0.655380249
8,0.1,88.9,0.655090332
8,0.1,89.39,0.655639648
8,0.1,89.9,0.654937744
8,0.1,90.39,0.655609131
8,0.1,90.9,0.654693604
8,0.1,91.39,0.654647827
8,0.1,91.9,0.654541016
8,0.1,92.36,0.654602051
8,0.1,92.9,0.655105591
8,0.1,93.41,0.655090332
8,0.1,93.91,0.655258179
8,0.1,94.41,0.654129028
8,0.1,94.91,0.654205322
8,0.1,95.41,0.654602051
9,0.1,4.98,0.85887146
9,0.1,5.49,0.860244751
9,0.1,6.01,0.860443115
9,0.1,6.5,0.861068726
9,0.1,7.01,0.861984253
9,0.1,7.51,0.862701416
9,0.1,8.02,0.863143921
9,0.1,8.52,0.863815308
9,0.1,9.03,0.864685059
9,0.1,9.53,0.864776611
9,0.1,10.04,0.864883423
9,0.1,10.54,0.86555481
9,0.1,11.04,0.867080688
9,0.1,11.55,0.86680603
9,0.1,12.05,0.867706299
9,0.1,12.55,0.868377686
9,0.1,13.05,0.869064331
9,0.1,13.56,0.869628906
9,0.1,14.06,0.869613647
9,0.1,14.56,0.870178223
9,0.1,15.07,0.870513916
9,0.1,15.57,0.870727539
9,0.1,16.07,0.87109375
9,0.1,16.58,0.872467041
9,0.1,17.08,0.873031616
9,0.1,17.59,0.873352051
9,0.1,18.08,0.873123169
9,0.1,18.58,0.874069214
9,0.1,19.09,0.874893188
9,0.1,19.6,0.874679565
9,0.1,20.1,0.875411987
9,0.1,20.64,0.875518799
9,0.1,21.12,0.875930786
9,0.1,21.63,0.876296997
9,0.1,22.13,0.877334595
9,0.1,22.62,0.8775177
9,0.1,23.13,0.8777771
9,0.1,23.62,0.877548218
9,0.1,24.12,0.878616333
9,0.1,24.62,0.879241943
9,0.1,25.11,0.879928589
9,0.1,25.61,0.880218506
9,0.1,26.11,0.880523682
9,0.1,26.67,0.881103516
9,0.1,27.18,0.88092041
9,0.1,27.69,0.881454468
9,0.1,28.2,0.881729126
9,0.1,28.7,0.882156372
9,0.1,29.21,0.882217407
9,0.1,29.71,0.882766724
9,0.1,30.21,0.883026123
9,0.1,30.69,0.883956909
9,0.1,31.2,0.883590698
9,0.1,31.69,0.884063721
9,0.1,32.19,0.884414673
9,0.1,32.69,0.884994507
9,0.1,33.19,0.884918213
9,0.1,33.69,0.885437012
9,0.1,34.19,0.885467529
9,0.1,34.69,0.886520386
9,0.1,35.18,0.886795044
9,0.1,35.68,0.887542725
9,0.1,36.19,0.888076782
9,0.1,36.68,0.889251709
9,0.1,37.19,0.889022827
9,0.1,37.69,0.889816284
9,0.1,38.19,0.890762329
9,0.1,38.7,0.891418457
9,0.1,39.2,0.892196655
9,0.1,39.7,0.893341064
9,0.1,40.21,0.894241333
9,0.1,40.7,0.895599365
9,0.1,41.21,0.896362305
9,0.1,41.71,0.898071289
9,0.1,42.2,0.899459839
9,0.1,42.71,0.901382446
9,0.1,43.21,0.902923584
9,0.1,43.73,0.904052734
9,0.1,44.21,0.905593872
9,0.1,44.72,0.908004761
9,0.1,45.21,0.910476685
9,0.1,45.73,0.912750244
9,0.1,46.22,0.914520264
9,0.1,46.72,0.917221069
9,0.1,47.22,0.919692993
9,0.1,47.98,0.925369263
9,0.1,48.71,0.929046631
9,0.1,49.23,0.932144165
9,0.1,49.73,0.936645508
9,0.1,50.23,0.939239502
9,0.1,50.73,0.943496704
9,0.1,51.23,0.947311401
9,0.1,51.73,0.951980591
9,0.1,52.23,0.95602417
9,0.1,52.75,0.960601807
9,0.1,53.25,0.965576172
9,0.1,53.74,0.970031738
9,0.1,54.25,0.975112915
9,0.1,54.75,0.980178833
9,0.1,55.26,0.984649658
9,0.1,55.75,0.98916626
9,0.1,56.24,0.99420166
9,0.1,56.75,0.99848938
9,0.1,57.24,1.004455566
9,0.1,57.75,1.008865356
9,0.1,58.26,1.012405396
9,0.1,58.76,1.017440796
9,0.1,59.26,1.021255493
9,0.1,59.78,1.024353027
9,0.1,60.26,1.028778076
9,0.1,60.78,1.031936646
9,0.1,61.27,1.034393311
9,0.1,61.78,1.037078857
9,0.1,62.26,1.03956604
9,0.1,62.76,1.042694092
9,0.1,63.29,1.044662476
9,0.1,63.79,1.046310425
9,0.1,64.26,1.048614502
9,0.1,64.77,1.049133301
9,0.1,65.3,1.051773071
9,0.1,65.8,1.052597046
9,0.1,66.27,1.054458618
9,0.1,66.8,1.054763794
9,0.1,67.3,1.055297852
9,0.1,67.8,1.057128906
9,0.1,68.31,1.056716919
9,0.1,68.78,1.059005737
9,0.1,69.3,1.059417725
9,0.1,69.8,1.059555054
9,0.1,70.32,1.05947876
9,0.1,70.81,1.060699463
9,0.1,71.32,1.060394287
9,0.1,71.81,1.061431885
9,0.1,72.32,1.061584473
9,0.1,72.83,1.061508179
9,0.1,73.31,1.061721802
9,0.1,73.83,1.061889648
9,0.1,74.32,1.062759399
9,0.1,74.82,1.063262939
9,0.1,75.32,1.063262939
9,0.1,75.83,1.063568115
9,0.1,76.34,1.06338501
9,0.1,76.84,1.064041138
9,0.1,77.34,1.063568115
9,0.1,77.82,1.063720703
9,0.1,78.34,1.062805176
9,0.1,78.85,1.064498901
9,0.1,79.35,1.064727783
9,0.1,79.84,1.064712524
9,0.1,80.35,1.064208984
9,0.1,80.84,1.064285278
9,0.1,81.37,1.064865112
9,0.1,81.86,1.064712524
9,0.1,82.36,1.06539917
9,0.1,82.87,1.064041138
9,0.1,83.37,1.065444946
9,0.1,83.87,1.064590454
9,0.1,84.36,1.065231323
9,0.1,84.87,1.063781738
9,0.1,85.38,1.064254761
9,0.1,85.88,1.064529419
9,0.1,86.37,1.064880371
9,0.1,86.88,1.064590454
9,0.1,87.38,1.064880371
9,0.1,87.89,1.063964844
9,0.1,88.39,1.065124512
9,0.1,88.89,1.064239502
9,0.1,89.39,1.064727783
9,0.1,89.89,1.065155029
9,0.1,90.39,1.065200806
9,0.1,90.89,1.064804077
9,0.1,91.39,1.064666748
9,0.1,91.9,1.064544678
9,0.1,92.37,1.064376831
9,0.1,92.9,1.064544678
9,0.1,93.41,1.064254761
9,0.1,93.91,1.063446045
9,0.1,94.41,1.064041138
9,0.1,94.91,1.063232422
9,0.1,95.42,1.064926147
10,0.1,4.98,1.401351929
10,0.1,5.49,1.403320313
10,0.1,6.01,1.405181885
10,0.1,6.5,1.406326294
10,0.1,7.02,1.407440186
10,0.1,7.52,1.409118652
10,0.1,8.03,1.410095215
10,0.1,8.52,1.410797119
10,0.1,9.03,1.411560059
10,0.1,9.54,1.412918091
10,0.1,10.04,1.413970947
10,0.1,10.54,1.414245605
10,0.1,11.05,1.416000366
10,0.1,11.55,1.415435791
10,0.1,12.05,1.41809082
10,0.1,12.55,1.4190979
10,0.1,13.05,1.419677734
10,0.1,13.56,1.420150757
10,0.1,14.06,1.421966553
10,0.1,14.57,1.420333862
10,0.1,15.07,1.422637939
10,0.1,15.57,1.422790527
10,0.1,16.07,1.423461914
10,0.1,16.59,1.426513672
10,0.1,17.08,1.426315308
10,0.1,17.59,1.426071167
10,0.1,18.08,1.426467896
10,0.1,18.59,1.428710938
10,0.1,19.09,1.428070068
10,0.1,19.6,1.428817749
10,0.1,20.1,1.429733276
10,0.1,20.64,1.432144165
10,0.1,21.12,1.432434082
10,0.1,21.63,1.433227539
10,0.1,22.13,1.434616089
10,0.1,22.62,1.435806274
10,0.1,23.13,1.434814453
10,0.1,23.63,1.436096191
10,0.1,24.13,1.436096191
10,0.1,24.63,1.436447144
10,0.1,25.11,1.437896729
10,0.1,25.62,1.4375
10,0.1,26.11,1.438934326
10,0.1,26.68,1.440139771
10,0.1,27.19,1.440139771
10,0.1,27.7,1.441741943
10,0.1,28.2,1.442108154
10,0.1,28.71,1.443969727
10,0.1,29.21,1.444778442
10,0.1,29.71,1.443862915
10,0.1,30.21,1.444534302
10,0.1,30.7,1.445648193
10,0.1,31.21,1.444473267
10,0.1,31.69,1.446395874
10,0.1,32.19,1.447219849
10,0.1,32.69,1.446151733
10,0.1,33.19,1.449569702
10,0.1,33.7,1.449066162
10,0.1,34.19,1.448852539
10,0.1,34.68,1.4503479
10,0.1,35.19,1.451385498
10,0.1,35.68,1.45111084
10,0.1,36.19,1.451217651
10,0.1,36.69,1.453125
10,0.1,37.19,1.452560425
10,0.1,37.7,1.455047607
10,0.1,38.19,1.455093384
10,0.1,38.7,1.456665039
10,0.1,39.2,1.457977295
10,0.1,39.7,1.457336426
10,0.1,40.21,1.458648682
10,0.1,40.7,1.46043396
10,0.1,41.22,1.462158203
10,0.1,41.71,1.464813232
10,0.1,42.21,1.463531494
10,0.1,42.71,1.468048096
10,0.1,43.21,1.468643188
10,0.1,43.72,1.470748901
10,0.1,44.22,1.471878052
10,0.1,44.72,1.476257324
10,0.1,45.22,1.478057861
10,0.1,45.73,1.482040405
10,0.1,46.23,1.484466553
10,0.1,46.73,1.486129761
10,0.1,47.23,1.48815918
10,0.1,47.97,1.496520996
10,0.1,48.71,1.499786377
10,0.1,49.23,1.504302979
10,0.1,49.74,1.507217407
10,0.1,50.23,1.512985229
10,0.1,50.73,1.517471313
10,0.1,51.23,1.524108887
10,0.1,51.73,1.528198242
10,0.1,52.24,1.534637451
10,0.1,52.75,1.539169312
10,0.1,53.24,1.546142578
10,0.1,53.75,1.554611206
10,0.1,54.24,1.55809021
10,0.1,54.75,1.56854248
10,0.1,55.26,1.572875977
10,0.1,55.75,1.580307007
10,0.1,56.25,1.585739136
10,0.1,56.75,1.592514038
10,0.1,57.24,1.600067139
10,0.1,57.75,1.609222412
10,0.1,58.27,1.616607666
10,0.1,58.77,1.622375488
10,0.1,59.26,1.631469727
10,0.1,59.77,1.635635376
10,0.1,60.26,1.642929077
10,0.1,60.78,1.649780273
10,0.1,61.27,1.655014038
10,0.1,61.79,1.661483765
10,0.1,62.27,1.663742065
10,0.1,62.77,1.671859741
10,0.1,63.29,1.677200317
10,0.1,63.79,1.677108765
10,0.1,64.27,1.683380127
10,0.1,64.78,1.684082031
10,0.1,65.3,1.687438965
10,0.1,65.8,1.694595337
10,0.1,66.27,1.694961548
10,0.1,66.8,1.696685791
10,0.1,67.3,1.696685791
10,0.1,67.8,1.699768066
10,0.1,68.31,1.702514648
10,0.1,68.78,1.703613281
10,0.1,69.3,1.705093384
10,0.1,69.8,1.70022583
10,0.1,70.32,1.707595825
10,0.1,70.81,1.707962036
10,0.1,71.32,1.709075928
10,0.1,71.81,1.705276489
10,0.1,72.33,1.71055603
10,0.1,72.82,1.709259033
10,0.1,73.31,1.70916748
10,0.1,73.83,1.709732056
10,0.1,74.33,1.710189819
10,0.1,74.82,1.710281372
10,0.1,75.32,1.711868286
10,0.1,75.83,1.711883545
10,0.1,76.34,1.713104248
10,0.1,76.84,1.713760376
10,0.1,77.35,1.711120605
10,0.1,77.82,1.709716797
10,0.1,78.34,1.711776733
10,0.1,78.85,1.712814331
10,0.1,79.36,1.714324951
10,0.1,79.84,1.711120605
10,0.1,80.35,1.713378906
10,0.1,80.85,1.712432861
10,0.1,81.36,1.716125488
10,0.1,81.86,1.710006714
10,0.1,82.37,1.710845947
10,0.1,82.86,1.711502075
10,0.1,83.37,1.711120605
10,0.1,83.88,1.710006714
10,0.1,84.36,1.70980835
10,0.1,84.88,1.708602905
10,0.1,85.38,1.708236694
10,0.1,85.88,1.710189819
10,0.1,86.38,1.707672119
10,0.1,86.89,1.706939697
10,0.1,87.38,1.710006714
10,0.1,87.89,1.706192017
10,0.1,88.39,1.706573486
10,0.1,88.89,1.706207275
10,0.1,89.4,1.705734253
10,0.1,89.9,1.706207275
10,0.1,90.39,1.705184937
10,0.1,90.9,1.70954895
10,0.1,91.4,1.705841064
10,0.1,91.91,1.702972412
10,0.1,92.37,1.703979492
10,0.1,92.89,1.703063965
10,0.1,93.4,1.709350586
10,0.1,93.91,1.703338623
10,0.1,94.41,1.700408936
10,0.1,94.91,1.705276489
10,0.1,95.42,1.705368042
