"Sample","Pathlength","Temperature","Absorbance"
"js6040-Cell 02.o3a",1,4.81,0.233795166015625
"js6040-Cell 02.o3a",1,5.5,0.233612060546875
"js6040-Cell 02.o3a",1,6.02,0.232818603515625
"js6040-Cell 02.o3a",1,6.52,0.233535766601563
"js6040-Cell 02.o3a",1,7.02,0.233551025390625
"js6040-Cell 02.o3a",1,7.54,0.233978271484375
"js6040-Cell 02.o3a",1,8.02,0.23309326171875
"js6040-Cell 02.o3a",1,8.53,0.2337646484375
"js6040-Cell 02.o3a",1,9.03,0.2332763671875
"js6040-Cell 02.o3a",1,9.54,0.234161376953125
"js6040-Cell 02.o3a",1,10.04,0.233917236328125
"js6040-Cell 02.o3a",1,10.55,0.23358154296875
"js6040-Cell 02.o3a",1,11.05,0.23388671875
"js6040-Cell 02.o3a",1,11.56,0.233856201171875
"js6040-Cell 02.o3a",1,12.05,0.233993530273438
"js6040-Cell 02.o3a",1,12.56,0.234588623046875
"js6040-Cell 02.o3a",1,13.06,0.234649658203125
"js6040-Cell 02.o3a",1,13.56,0.235000610351562
"js6040-Cell 02.o3a",1,14.06,0.234878540039063
"js6040-Cell 02.o3a",1,14.57,0.235153198242188
"js6040-Cell 02.o3a",1,15.07,0.234817504882813
"js6040-Cell 02.o3a",1,15.57,0.235198974609375
"js6040-Cell 02.o3a",1,16.08,0.235305786132812
"js6040-Cell 02.o3a",1,16.6,0.235702514648438
"js6040-Cell 02.o3a",1,17.1,0.23614501953125
"js6040-Cell 02.o3a",1,17.61,0.236480712890625
"js6040-Cell 02.o3a",1,18.12,0.23638916015625
"js6040-Cell 02.o3a",1,18.62,0.236434936523438
"js6040-Cell 02.o3a",1,19.13,0.236831665039062
"js6040-Cell 02.o3a",1,19.64,0.237319946289062
"js6040-Cell 02.o3a",1,20.15,0.237380981445312
"js6040-Cell 02.o3a",1,20.69,0.238845825195313
"js6040-Cell 02.o3a",1,21.18,0.238143920898438
"js6040-Cell 02.o3a",1,21.7,0.239242553710938
"js6040-Cell 02.o3a",1,22.18,0.239578247070312
"js6040-Cell 02.o3a",1,22.68,0.240997314453125
"js6040-Cell 02.o3a",1,23.17,0.241317749023438
"js6040-Cell 02.o3a",1,23.66,0.241790771484375
"js6040-Cell 02.o3a",1,24.15,0.242080688476563
"js6040-Cell 02.o3a",1,24.65,0.2432861328125
"js6040-Cell 02.o3a",1,25.14,0.244354248046875
"js6040-Cell 02.o3a",1,25.63,0.245559692382812
"js6040-Cell 02.o3a",1,26.12,0.245620727539063
"js6040-Cell 02.o3a",1,26.65,0.246673583984375
"js6040-Cell 02.o3a",1,27.18,0.248855590820313
"js6040-Cell 02.o3a",1,27.68,0.24951171875
"js6040-Cell 02.o3a",1,28.18,0.25103759765625
"js6040-Cell 02.o3a",1,28.68,0.252334594726562
"js6040-Cell 02.o3a",1,29.16,0.25372314453125
"js6040-Cell 02.o3a",1,29.67,0.256988525390625
"js6040-Cell 02.o3a",1,30.17,0.258163452148438
"js6040-Cell 02.o3a",1,30.67,0.2593994140625
"js6040-Cell 02.o3a",1,31.18,0.260757446289063
"js6040-Cell 02.o3a",1,31.68,0.264190673828125
"js6040-Cell 02.o3a",1,32.18,0.265106201171875
"js6040-Cell 02.o3a",1,32.68,0.266586303710938
"js6040-Cell 02.o3a",1,33.19,0.268783569335938
"js6040-Cell 02.o3a",1,33.69,0.270614624023438
"js6040-Cell 02.o3a",1,34.19,0.27227783203125
"js6040-Cell 02.o3a",1,34.69,0.273574829101563
"js6040-Cell 02.o3a",1,35.2,0.275497436523438
"js6040-Cell 02.o3a",1,35.7,0.277191162109375
"js6040-Cell 02.o3a",1,36.19,0.279251098632813
"js6040-Cell 02.o3a",1,36.7,0.28021240234375
"js6040-Cell 02.o3a",1,37.2,0.281509399414063
"js6040-Cell 02.o3a",1,37.7,0.28350830078125
"js6040-Cell 02.o3a",1,38.19,0.284393310546875
"js6040-Cell 02.o3a",1,38.72,0.286468505859375
"js6040-Cell 02.o3a",1,39.22,0.286407470703125
"js6040-Cell 02.o3a",1,39.71,0.287200927734375
"js6040-Cell 02.o3a",1,40.22,0.288192749023438
"js6040-Cell 02.o3a",1,40.71,0.289031982421875
"js6040-Cell 02.o3a",1,41.22,0.289474487304688
"js6040-Cell 02.o3a",1,41.71,0.289093017578125
"js6040-Cell 02.o3a",1,42.21,0.289962768554688
"js6040-Cell 02.o3a",1,42.73,0.290115356445312
"js6040-Cell 02.o3a",1,43.23,0.291519165039062
"js6040-Cell 02.o3a",1,43.74,0.291961669921875
"js6040-Cell 02.o3a",1,44.24,0.292190551757813
"js6040-Cell 02.o3a",1,44.74,0.292449951171875
"js6040-Cell 02.o3a",1,45.22,0.292221069335938
"js6040-Cell 02.o3a",1,45.73,0.291275024414063
"js6040-Cell 02.o3a",1,46.25,0.29217529296875
"js6040-Cell 02.o3a",1,46.75,0.292648315429688
"js6040-Cell 02.o3a",1,47.24,0.293380737304688
"js6040-Cell 02.o3a",1,47.74,0.292984008789063
"js6040-Cell 02.o3a",1,48.24,0.29345703125
"js6040-Cell 02.o3a",1,48.75,0.293106079101563
"js6040-Cell 02.o3a",1,49.25,0.29241943359375
"js6040-Cell 02.o3a",1,49.77,0.292404174804688
"js6040-Cell 02.o3a",1,50.25,0.293746948242188
"js6040-Cell 02.o3a",1,50.73,0.29241943359375
"js6040-Cell 02.o3a",1,51.26,0.293624877929688
"js6040-Cell 02.o3a",1,51.75,0.294464111328125
"js6040-Cell 02.o3a",1,52.24,0.291839599609375
"js6040-Cell 02.o3a",1,52.77,0.292083740234375
"js6040-Cell 02.o3a",1,53.26,0.293121337890625
"js6040-Cell 02.o3a",1,53.75,0.293487548828125
"js6040-Cell 02.o3a",1,54.27,0.292877197265625
"js6040-Cell 02.o3a",1,54.76,0.293411254882813
"js6040-Cell 02.o3a",1,55.27,0.292434692382812
"js6040-Cell 02.o3a",1,55.78,0.293502807617188
"js6040-Cell 02.o3a",1,56.28,0.293685913085938
"js6040-Cell 02.o3a",1,56.78,0.293869018554688
"js6040-Cell 02.o3a",1,57.26,0.292938232421875
"js6040-Cell 02.o3a",1,57.79,0.292572021484375
"js6040-Cell 02.o3a",1,58.3,0.293243408203125
"js6040-Cell 02.o3a",1,58.78,0.292510986328125
"js6040-Cell 02.o3a",1,59.26,0.292755126953125
"js6040-Cell 02.o3a",1,59.8,0.294097900390625
"js6040-Cell 02.o3a",1,60.27,0.293380737304688
"js6040-Cell 02.o3a",1,60.79,0.292526245117188
"js6040-Cell 02.o3a",1,61.29,0.293655395507812
"js6040-Cell 02.o3a",1,61.79,0.293777465820312
"js6040-Cell 02.o3a",1,62.26,0.291702270507813
"js6040-Cell 02.o3a",1,62.8,0.292770385742188
"js6040-Cell 02.o3a",1,63.29,0.29156494140625
"js6040-Cell 02.o3a",1,63.82,0.2933349609375
"js6040-Cell 02.o3a",1,64.27,0.292831420898438
"js6040-Cell 02.o3a",1,64.83,0.29364013671875
"js6040-Cell 02.o3a",1,65.29,0.29254150390625
"js6040-Cell 02.o3a",1,65.83,0.292312622070312
"js6040-Cell 02.o3a",1,66.33,0.29205322265625
"js6040-Cell 02.o3a",1,66.82,0.2918701171875
"js6040-Cell 02.o3a",1,67.31,0.29229736328125
"js6040-Cell 02.o3a",1,67.82,0.2918701171875
"js6040-Cell 02.o3a",1,68.34,0.291778564453125
"js6040-Cell 02.o3a",1,68.85,0.29168701171875
"js6040-Cell 02.o3a",1,69.33,0.292495727539062
"js6040-Cell 02.o3a",1,69.84,0.2921142578125
"js6040-Cell 02.o3a",1,70.34,0.291854858398438
"js6040-Cell 02.o3a",1,70.85,0.291702270507812
"js6040-Cell 02.o3a",1,71.35,0.292739868164063
"js6040-Cell 02.o3a",1,71.84,0.291778564453125
"js6040-Cell 02.o3a",1,72.36,0.291732788085938
"js6040-Cell 02.o3a",1,72.86,0.291824340820312
"js6040-Cell 02.o3a",1,73.34,0.291702270507813
"js6040-Cell 02.o3a",1,73.87,0.2913818359375
"js6040-Cell 02.o3a",1,74.34,0.290695190429688
"js6040-Cell 02.o3a",1,74.87,0.291336059570312
"js6040-Cell 02.o3a",1,75.36,0.292404174804688
"js6040-Cell 02.o3a",1,75.87,0.290802001953125
"js6040-Cell 02.o3a",1,76.38,0.290725708007813
"js6040-Cell 02.o3a",1,76.88,0.291549682617188
"js6040-Cell 02.o3a",1,77.38,0.290908813476563
"js6040-Cell 02.o3a",1,77.88,0.291000366210938
"js6040-Cell 02.o3a",1,78.39,0.291885375976562
"js6040-Cell 02.o3a",1,78.89,0.291244506835938
"js6040-Cell 02.o3a",1,79.41,0.29058837890625
"js6040-Cell 02.o3a",1,79.89,0.29083251953125
"js6040-Cell 02.o3a",1,80.4,0.291580200195312
"js6040-Cell 02.o3a",1,80.89,0.290817260742188
"js6040-Cell 02.o3a",1,81.41,0.291366577148438
"js6040-Cell 02.o3a",1,81.9,0.29180908203125
"js6040-Cell 02.o3a",1,82.37,0.2913818359375
"js6040-Cell 02.o3a",1,82.9,0.290328979492188
"js6040-Cell 02.o3a",1,83.4,0.29034423828125
"js6040-Cell 02.o3a",1,83.91,0.290435791015625
"js6040-Cell 02.o3a",1,84.42,0.289443969726562
"js6040-Cell 02.o3a",1,84.92,0.290496826171875
"js6040-Cell 02.o3a",1,85.38,0.290740966796875
"js6040-Cell 02.o3a",1,85.87,0.289810180664063
"js6040-Cell 02.o3a",1,86.42,0.290069580078125
"js6040-Cell 02.o3a",1,86.87,0.28997802734375
"js6040-Cell 02.o3a",1,87.41,0.290252685546875
"js6040-Cell 02.o3a",1,87.9,0.28973388671875
"js6040-Cell 02.o3a",1,88.44,0.289077758789063
"js6040-Cell 02.o3a",1,88.89,0.28924560546875
"js6040-Cell 02.o3a",1,89.39,0.289596557617188
"js6040-Cell 02.o3a",1,89.88,0.289642333984375
"js6040-Cell 02.o3a",1,90.43,0.28924560546875
"js6040-Cell 02.o3a",1,90.33,0.290252685546875
"js6040-Cell 02.o3a",1,91.31,0.29010009765625
"js6040-Cell 02.o3a",1,91.93,0.289093017578125
"js6040-Cell 02.o3a",1,92.43,0.290115356445312
"js6040-Cell 02.o3a",1,92.95,0.289199829101562
"js6040-Cell 02.o3a",1,93.45,0.289566040039062
"js6040-Cell 02.o3a",1,93.93,0.289627075195313
"js6040-Cell 02.o3a",1,93.84,0.290542602539063
"js6040-Cell 02.o3a",1,94.81,0.288818359375
"js6040-Cell 02.o3a",1,95.43,0.288894653320313
"js6040-Cell 03.o3a",1,4.8,0.357574462890625
"js6040-Cell 03.o3a",1,5.5,0.357879638671875
"js6040-Cell 03.o3a",1,6.02,0.356536865234375
"js6040-Cell 03.o3a",1,6.53,0.357498168945313
"js6040-Cell 03.o3a",1,7.02,0.357498168945312
"js6040-Cell 03.o3a",1,7.53,0.357467651367188
"js6040-Cell 03.o3a",1,8.03,0.357421875
"js6040-Cell 03.o3a",1,8.53,0.357864379882813
"js6040-Cell 03.o3a",1,9.04,0.357437133789063
"js6040-Cell 03.o3a",1,9.54,0.358474731445312
"js6040-Cell 03.o3a",1,10.05,0.359039306640625
"js6040-Cell 03.o3a",1,10.55,0.358062744140625
"js6040-Cell 03.o3a",1,11.05,0.357315063476563
"js6040-Cell 03.o3a",1,11.56,0.358718872070313
"js6040-Cell 03.o3a",1,12.05,0.358078002929688
"js6040-Cell 03.o3a",1,12.57,0.35833740234375
"js6040-Cell 03.o3a",1,13.05,0.358642578125
"js6040-Cell 03.o3a",1,13.56,0.359786987304688
"js6040-Cell 03.o3a",1,14.07,0.359405517578125
"js6040-Cell 03.o3a",1,14.57,0.359512329101562
"js6040-Cell 03.o3a",1,15.08,0.359588623046875
"js6040-Cell 03.o3a",1,15.58,0.360137939453125
"js6040-Cell 03.o3a",1,16.09,0.35992431640625
"js6040-Cell 03.o3a",1,16.6,0.360702514648438
"js6040-Cell 03.o3a",1,17.11,0.361358642578125
"js6040-Cell 03.o3a",1,17.61,0.362167358398438
"js6040-Cell 03.o3a",1,18.12,0.362075805664062
"js6040-Cell 03.o3a",1,18.63,0.36212158203125
"js6040-Cell 03.o3a",1,19.14,0.36273193359375
"js6040-Cell 03.o3a",1,19.64,0.363601684570312
"js6040-Cell 03.o3a",1,20.15,0.36370849609375
"js6040-Cell 03.o3a",1,20.69,0.364273071289063
"js6040-Cell 03.o3a",1,21.18,0.364898681640625
"js6040-Cell 03.o3a",1,21.7,0.366302490234375
"js6040-Cell 03.o3a",1,22.17,0.365921020507812
"js6040-Cell 03.o3a",1,22.69,0.36785888671875
"js6040-Cell 03.o3a",1,23.18,0.36932373046875
"js6040-Cell 03.o3a",1,23.66,0.368896484375
"js6040-Cell 03.o3a",1,24.16,0.370452880859375
"js6040-Cell 03.o3a",1,24.66,0.370864868164062
"js6040-Cell 03.o3a",1,25.14,0.372238159179688
"js6040-Cell 03.o3a",1,25.62,0.373703002929688
"js6040-Cell 03.o3a",1,26.12,0.374984741210938
"js6040-Cell 03.o3a",1,26.65,0.376144409179688
"js6040-Cell 03.o3a",1,27.19,0.378326416015625
"js6040-Cell 03.o3a",1,27.68,0.380874633789062
"js6040-Cell 03.o3a",1,28.18,0.382293701171875
"js6040-Cell 03.o3a",1,28.68,0.383895874023438
"js6040-Cell 03.o3a",1,29.17,0.385910034179688
"js6040-Cell 03.o3a",1,29.67,0.38946533203125
"js6040-Cell 03.o3a",1,30.17,0.391448974609375
"js6040-Cell 03.o3a",1,30.68,0.393829345703125
"js6040-Cell 03.o3a",1,31.18,0.39569091796875
"js6040-Cell 03.o3a",1,31.69,0.400115966796875
"js6040-Cell 03.o3a",1,32.18,0.401580810546875
"js6040-Cell 03.o3a",1,32.69,0.404067993164062
"js6040-Cell 03.o3a",1,33.19,0.407821655273438
"js6040-Cell 03.o3a",1,33.69,0.411590576171875
"js6040-Cell 03.o3a",1,34.19,0.414230346679688
"js6040-Cell 03.o3a",1,34.7,0.41741943359375
"js6040-Cell 03.o3a",1,35.2,0.4207763671875
"js6040-Cell 03.o3a",1,35.7,0.422378540039062
"js6040-Cell 03.o3a",1,36.2,0.42633056640625
"js6040-Cell 03.o3a",1,36.7,0.428543090820313
"js6040-Cell 03.o3a",1,37.2,0.430526733398438
"js6040-Cell 03.o3a",1,37.71,0.43341064453125
"js6040-Cell 03.o3a",1,38.2,0.43682861328125
"js6040-Cell 03.o3a",1,38.72,0.439376831054688
"js6040-Cell 03.o3a",1,39.22,0.440597534179688
"js6040-Cell 03.o3a",1,39.72,0.442657470703125
"js6040-Cell 03.o3a",1,40.22,0.443649291992188
"js6040-Cell 03.o3a",1,40.71,0.4461669921875
"js6040-Cell 03.o3a",1,41.23,0.447418212890625
"js6040-Cell 03.o3a",1,41.73,0.447296142578125
"js6040-Cell 03.o3a",1,42.21,0.447723388671875
"js6040-Cell 03.o3a",1,42.74,0.449844360351562
"js6040-Cell 03.o3a",1,43.23,0.45111083984375
"js6040-Cell 03.o3a",1,43.73,0.45050048828125
"js6040-Cell 03.o3a",1,44.24,0.45245361328125
"js6040-Cell 03.o3a",1,44.74,0.454071044921875
"js6040-Cell 03.o3a",1,45.22,0.452438354492188
"js6040-Cell 03.o3a",1,45.73,0.452423095703125
"js6040-Cell 03.o3a",1,46.26,0.453765869140625
"js6040-Cell 03.o3a",1,46.75,0.453659057617188
"js6040-Cell 03.o3a",1,47.24,0.45416259765625
"js6040-Cell 03.o3a",1,47.74,0.4547119140625
"js6040-Cell 03.o3a",1,48.25,0.455459594726562
"js6040-Cell 03.o3a",1,48.74,0.454483032226563
"js6040-Cell 03.o3a",1,49.26,0.453536987304688
"js6040-Cell 03.o3a",1,49.77,0.454971313476563
"js6040-Cell 03.o3a",1,50.25,0.456298828125
"js6040-Cell 03.o3a",1,50.74,0.453750610351562
"js6040-Cell 03.o3a",1,51.26,0.455230712890625
"js6040-Cell 03.o3a",1,51.75,0.456298828125
"js6040-Cell 03.o3a",1,52.24,0.454208374023438
"js6040-Cell 03.o3a",1,52.77,0.455322265625
"js6040-Cell 03.o3a",1,53.26,0.4561767578125
"js6040-Cell 03.o3a",1,53.75,0.4559326171875
"js6040-Cell 03.o3a",1,54.27,0.456146240234375
"js6040-Cell 03.o3a",1,54.76,0.455169677734375
"js6040-Cell 03.o3a",1,55.27,0.455230712890625
"js6040-Cell 03.o3a",1,55.79,0.456893920898438
"js6040-Cell 03.o3a",1,56.29,0.455886840820312
"js6040-Cell 03.o3a",1,56.78,0.456649780273438
"js6040-Cell 03.o3a",1,57.26,0.45611572265625
"js6040-Cell 03.o3a",1,57.8,0.455459594726563
"js6040-Cell 03.o3a",1,58.3,0.4569091796875
"js6040-Cell 03.o3a",1,58.78,0.456039428710938
"js6040-Cell 03.o3a",1,59.26,0.455780029296875
"js6040-Cell 03.o3a",1,59.81,0.457855224609375
"js6040-Cell 03.o3a",1,60.27,0.457321166992188
"js6040-Cell 03.o3a",1,60.79,0.455841064453125
"js6040-Cell 03.o3a",1,61.29,0.45703125
"js6040-Cell 03.o3a",1,61.79,0.457611083984375
"js6040-Cell 03.o3a",1,62.28,0.457443237304688
"js6040-Cell 03.o3a",1,62.81,0.4576416015625
"js6040-Cell 03.o3a",1,63.3,0.455459594726563
"js6040-Cell 03.o3a",1,63.83,0.457489013671875
"js6040-Cell 03.o3a",1,64.27,0.4566650390625
"js6040-Cell 03.o3a",1,64.83,0.4578857421875
"js6040-Cell 03.o3a",1,65.3,0.456024169921875
"js6040-Cell 03.o3a",1,65.83,0.45654296875
"js6040-Cell 03.o3a",1,66.34,0.456619262695312
"js6040-Cell 03.o3a",1,66.82,0.456588745117188
"js6040-Cell 03.o3a",1,67.32,0.457733154296875
"js6040-Cell 03.o3a",1,67.82,0.456878662109375
"js6040-Cell 03.o3a",1,68.34,0.45654296875
"js6040-Cell 03.o3a",1,68.84,0.457290649414063
"js6040-Cell 03.o3a",1,69.34,0.456024169921875
"js6040-Cell 03.o3a",1,69.83,0.457244873046875
"js6040-Cell 03.o3a",1,70.33,0.456710815429688
"js6040-Cell 03.o3a",1,70.85,0.456344604492188
"js6040-Cell 03.o3a",1,71.35,0.457321166992188
"js6040-Cell 03.o3a",1,71.84,0.457366943359375
"js6040-Cell 03.o3a",1,72.36,0.45660400390625
"js6040-Cell 03.o3a",1,72.86,0.458236694335938
"js6040-Cell 03.o3a",1,73.34,0.456985473632813
"js6040-Cell 03.o3a",1,73.87,0.456771850585938
"js6040-Cell 03.o3a",1,74.35,0.45672607421875
"js6040-Cell 03.o3a",1,74.87,0.4571533203125
"js6040-Cell 03.o3a",1,75.35,0.457672119140625
"js6040-Cell 03.o3a",1,75.88,0.45703125
"js6040-Cell 03.o3a",1,76.39,0.457321166992188
"js6040-Cell 03.o3a",1,76.89,0.457321166992188
"js6040-Cell 03.o3a",1,77.39,0.457412719726563
"js6040-Cell 03.o3a",1,77.89,0.456573486328125
"js6040-Cell 03.o3a",1,78.39,0.457382202148438
"js6040-Cell 03.o3a",1,78.89,0.45751953125
"js6040-Cell 03.o3a",1,79.4,0.45733642578125
"js6040-Cell 03.o3a",1,79.89,0.457061767578125
"js6040-Cell 03.o3a",1,80.39,0.457061767578125
"js6040-Cell 03.o3a",1,80.89,0.456588745117188
"js6040-Cell 03.o3a",1,81.4,0.457061767578125
"js6040-Cell 03.o3a",1,81.89,0.457656860351563
"js6040-Cell 03.o3a",1,82.37,0.457275390625
"js6040-Cell 03.o3a",1,82.9,0.456924438476563
"js6040-Cell 03.o3a",1,83.4,0.456924438476563
"js6040-Cell 03.o3a",1,83.91,0.457321166992188
"js6040-Cell 03.o3a",1,84.42,0.456405639648438
"js6040-Cell 03.o3a",1,84.91,0.45684814453125
"js6040-Cell 03.o3a",1,85.37,0.45721435546875
"js6040-Cell 03.o3a",1,85.88,0.4561767578125
"js6040-Cell 03.o3a",1,86.42,0.456527709960938
"js6040-Cell 03.o3a",1,86.87,0.456130981445313
"js6040-Cell 03.o3a",1,87.41,0.456619262695312
"js6040-Cell 03.o3a",1,87.91,0.455795288085938
"js6040-Cell 03.o3a",1,88.44,0.456512451171875
"js6040-Cell 03.o3a",1,88.88,0.4561767578125
"js6040-Cell 03.o3a",1,89.38,0.456085205078125
"js6040-Cell 03.o3a",1,89.89,0.456939697265625
"js6040-Cell 03.o3a",1,90.43,0.456497192382813
"js6040-Cell 03.o3a",1,90.33,0.45489501953125
"js6040-Cell 03.o3a",1,91.31,0.455093383789062
"js6040-Cell 03.o3a",1,91.93,0.455734252929688
"js6040-Cell 03.o3a",1,92.42,0.45574951171875
"js6040-Cell 03.o3a",1,92.95,0.455810546875
"js6040-Cell 03.o3a",1,93.44,0.456558227539062
"js6040-Cell 03.o3a",1,93.93,0.455978393554688
"js6040-Cell 03.o3a",1,93.83,0.455657958984375
"js6040-Cell 03.o3a",1,94.82,0.455322265625
"js6040-Cell 03.o3a",1,95.43,0.455078125
"js6040-Cell 05.o3a",0.1,4.79,0.250518798828125
"js6040-Cell 05.o3a",0.1,5.5,0.25018310546875
"js6040-Cell 05.o3a",0.1,6.03,0.250396728515625
"js6040-Cell 05.o3a",0.1,6.53,0.251434326171875
"js6040-Cell 05.o3a",0.1,7.03,0.251815795898438
"js6040-Cell 05.o3a",0.1,7.54,0.251266479492188
"js6040-Cell 05.o3a",0.1,8.04,0.2506103515625
"js6040-Cell 05.o3a",0.1,8.55,0.25091552734375
"js6040-Cell 05.o3a",0.1,9.05,0.251480102539063
"js6040-Cell 05.o3a",0.1,9.55,0.250961303710938
"js6040-Cell 05.o3a",0.1,10.05,0.251754760742188
"js6040-Cell 05.o3a",0.1,10.56,0.252487182617188
"js6040-Cell 05.o3a",0.1,11.06,0.25213623046875
"js6040-Cell 05.o3a",0.1,11.56,0.253021240234375
"js6040-Cell 05.o3a",0.1,12.05,0.25262451171875
"js6040-Cell 05.o3a",0.1,12.57,0.25244140625
"js6040-Cell 05.o3a",0.1,13.07,0.253173828125
"js6040-Cell 05.o3a",0.1,13.57,0.25347900390625
"js6040-Cell 05.o3a",0.1,14.07,0.2529296875
"js6040-Cell 05.o3a",0.1,14.57,0.254226684570312
"js6040-Cell 05.o3a",0.1,15.08,0.253814697265625
"js6040-Cell 05.o3a",0.1,15.58,0.254058837890625
"js6040-Cell 05.o3a",0.1,16.09,0.25384521484375
"js6040-Cell 05.o3a",0.1,16.61,0.254150390625
"js6040-Cell 05.o3a",0.1,17.1,0.254776000976563
"js6040-Cell 05.o3a",0.1,17.62,0.254348754882812
"js6040-Cell 05.o3a",0.1,18.13,0.255126953125
"js6040-Cell 05.o3a",0.1,18.63,0.255508422851563
"js6040-Cell 05.o3a",0.1,19.14,0.2557373046875
"js6040-Cell 05.o3a",0.1,19.65,0.255813598632813
"js6040-Cell 05.o3a",0.1,20.15,0.256088256835938
"js6040-Cell 05.o3a",0.1,20.7,0.256378173828125
"js6040-Cell 05.o3a",0.1,21.19,0.257003784179688
"js6040-Cell 05.o3a",0.1,21.71,0.25787353515625
"js6040-Cell 05.o3a",0.1,22.19,0.257781982421875
"js6040-Cell 05.o3a",0.1,22.69,0.2579345703125
"js6040-Cell 05.o3a",0.1,23.19,0.258544921875
"js6040-Cell 05.o3a",0.1,23.68,0.258163452148438
"js6040-Cell 05.o3a",0.1,24.17,0.259445190429688
"js6040-Cell 05.o3a",0.1,24.67,0.259933471679688
"js6040-Cell 05.o3a",0.1,25.15,0.260284423828125
"js6040-Cell 05.o3a",0.1,25.63,0.260910034179688
"js6040-Cell 05.o3a",0.1,26.12,0.262191772460938
"js6040-Cell 05.o3a",0.1,26.66,0.261703491210938
"js6040-Cell 05.o3a",0.1,27.2,0.263107299804688
"js6040-Cell 05.o3a",0.1,27.69,0.2646484375
"js6040-Cell 05.o3a",0.1,28.19,0.265716552734375
"js6040-Cell 05.o3a",0.1,28.69,0.266143798828125
"js6040-Cell 05.o3a",0.1,29.18,0.26806640625
"js6040-Cell 05.o3a",0.1,29.67,0.26800537109375
"js6040-Cell 05.o3a",0.1,30.18,0.269577026367188
"js6040-Cell 05.o3a",0.1,30.69,0.271377563476563
"js6040-Cell 05.o3a",0.1,31.19,0.27142333984375
"js6040-Cell 05.o3a",0.1,31.7,0.273788452148438
"js6040-Cell 05.o3a",0.1,32.2,0.27532958984375
"js6040-Cell 05.o3a",0.1,32.69,0.276901245117188
"js6040-Cell 05.o3a",0.1,33.19,0.27783203125
"js6040-Cell 05.o3a",0.1,33.7,0.2796630859375
"js6040-Cell 05.o3a",0.1,34.2,0.2823486328125
"js6040-Cell 05.o3a",0.1,34.7,0.283493041992188
"js6040-Cell 05.o3a",0.1,35.21,0.2852783203125
"js6040-Cell 05.o3a",0.1,35.7,0.287567138671875
"js6040-Cell 05.o3a",0.1,36.21,0.288986206054688
"js6040-Cell 05.o3a",0.1,36.71,0.29144287109375
"js6040-Cell 05.o3a",0.1,37.21,0.294403076171875
"js6040-Cell 05.o3a",0.1,37.72,0.295867919921875
"js6040-Cell 05.o3a",0.1,38.21,0.29803466796875
"js6040-Cell 05.o3a",0.1,38.72,0.300949096679688
"js6040-Cell 05.o3a",0.1,39.22,0.30322265625
"js6040-Cell 05.o3a",0.1,39.72,0.30572509765625
"js6040-Cell 05.o3a",0.1,40.22,0.307907104492188
"js6040-Cell 05.o3a",0.1,40.72,0.309234619140625
"js6040-Cell 05.o3a",0.1,41.23,0.311721801757813
"js6040-Cell 05.o3a",0.1,41.73,0.313888549804688
"js6040-Cell 05.o3a",0.1,42.22,0.316162109375
"js6040-Cell 05.o3a",0.1,42.74,0.31781005859375
"js6040-Cell 05.o3a",0.1,43.23,0.319869995117188
"js6040-Cell 05.o3a",0.1,43.74,0.32098388671875
"js6040-Cell 05.o3a",0.1,44.24,0.322647094726562
"js6040-Cell 05.o3a",0.1,44.74,0.323883056640625
"js6040-Cell 05.o3a",0.1,45.23,0.3251953125
"js6040-Cell 05.o3a",0.1,45.74,0.326080322265625
"js6040-Cell 05.o3a",0.1,46.25,0.327621459960938
"js6040-Cell 05.o3a",0.1,46.75,0.328506469726563
"js6040-Cell 05.o3a",0.1,47.24,0.329315185546875
"js6040-Cell 05.o3a",0.1,47.75,0.329269409179688
"js6040-Cell 05.o3a",0.1,48.25,0.330581665039062
"js6040-Cell 05.o3a",0.1,48.75,0.331192016601563
"js6040-Cell 05.o3a",0.1,49.26,0.331253051757813
"js6040-Cell 05.o3a",0.1,49.77,0.330810546875
"js6040-Cell 05.o3a",0.1,50.26,0.332687377929688
"js6040-Cell 05.o3a",0.1,50.75,0.33209228515625
"js6040-Cell 05.o3a",0.1,51.27,0.333206176757812
"js6040-Cell 05.o3a",0.1,51.76,0.332901000976562
"js6040-Cell 05.o3a",0.1,52.25,0.333663940429688
"js6040-Cell 05.o3a",0.1,52.79,0.333023071289062
"js6040-Cell 05.o3a",0.1,53.27,0.332733154296875
"js6040-Cell 05.o3a",0.1,53.75,0.333251953125
"js6040-Cell 05.o3a",0.1,54.27,0.33294677734375
"js6040-Cell 05.o3a",0.1,54.77,0.332809448242188
"js6040-Cell 05.o3a",0.1,55.28,0.333602905273438
"js6040-Cell 05.o3a",0.1,55.79,0.3333740234375
"js6040-Cell 05.o3a",0.1,56.29,0.333724975585938
"js6040-Cell 05.o3a",0.1,56.79,0.33294677734375
"js6040-Cell 05.o3a",0.1,57.27,0.334014892578125
"js6040-Cell 05.o3a",0.1,57.8,0.332778930664062
"js6040-Cell 05.o3a",0.1,58.31,0.3336181640625
"js6040-Cell 05.o3a",0.1,58.79,0.334213256835938
"js6040-Cell 05.o3a",0.1,59.27,0.333053588867188
"js6040-Cell 05.o3a",0.1,59.81,0.333450317382812
"js6040-Cell 05.o3a",0.1,60.29,0.333663940429688
"js6040-Cell 05.o3a",0.1,60.8,0.333953857421875
"js6040-Cell 05.o3a",0.1,61.3,0.3333740234375
"js6040-Cell 05.o3a",0.1,61.8,0.332183837890625
"js6040-Cell 05.o3a",0.1,62.27,0.332733154296875
"js6040-Cell 05.o3a",0.1,62.81,0.333358764648438
"js6040-Cell 05.o3a",0.1,63.3,0.332778930664062
"js6040-Cell 05.o3a",0.1,63.83,0.333633422851562
"js6040-Cell 05.o3a",0.1,64.28,0.333572387695312
"js6040-Cell 05.o3a",0.1,64.83,0.332412719726562
"js6040-Cell 05.o3a",0.1,65.3,0.333267211914063
"js6040-Cell 05.o3a",0.1,65.84,0.332687377929688
"js6040-Cell 05.o3a",0.1,66.34,0.333206176757812
"js6040-Cell 05.o3a",0.1,66.83,0.33355712890625
"js6040-Cell 05.o3a",0.1,67.33,0.333709716796875
"js6040-Cell 05.o3a",0.1,67.82,0.33294677734375
"js6040-Cell 05.o3a",0.1,68.34,0.332763671875
"js6040-Cell 05.o3a",0.1,68.85,0.33270263671875
"js6040-Cell 05.o3a",0.1,69.33,0.333236694335938
"js6040-Cell 05.o3a",0.1,69.84,0.333251953125
"js6040-Cell 05.o3a",0.1,70.34,0.333023071289063
"js6040-Cell 05.o3a",0.1,70.85,0.333511352539062
"js6040-Cell 05.o3a",0.1,71.36,0.333526611328125
"js6040-Cell 05.o3a",0.1,71.84,0.332611083984375
"js6040-Cell 05.o3a",0.1,72.36,0.332870483398438
"js6040-Cell 05.o3a",0.1,72.86,0.33294677734375
"js6040-Cell 05.o3a",0.1,73.34,0.332855224609375
"js6040-Cell 05.o3a",0.1,73.88,0.33251953125
"js6040-Cell 05.o3a",0.1,74.35,0.33319091796875
"js6040-Cell 05.o3a",0.1,74.88,0.333282470703125
"js6040-Cell 05.o3a",0.1,75.36,0.333099365234375
"js6040-Cell 05.o3a",0.1,75.87,0.33258056640625
"js6040-Cell 05.o3a",0.1,76.38,0.333297729492188
"js6040-Cell 05.o3a",0.1,76.89,0.33331298828125
"js6040-Cell 05.o3a",0.1,77.38,0.332778930664062
"js6040-Cell 05.o3a",0.1,77.89,0.332839965820313
"js6040-Cell 05.o3a",0.1,78.39,0.332260131835938
"js6040-Cell 05.o3a",0.1,78.89,0.333053588867188
"js6040-Cell 05.o3a",0.1,79.4,0.333404541015625
"js6040-Cell 05.o3a",0.1,79.88,0.331878662109375
"js6040-Cell 05.o3a",0.1,80.4,0.332809448242188
"js6040-Cell 05.o3a",0.1,80.89,0.33282470703125
"js6040-Cell 05.o3a",0.1,81.41,0.332763671875
"js6040-Cell 05.o3a",0.1,81.9,0.332931518554688
"js6040-Cell 05.o3a",0.1,82.38,0.331619262695313
"js6040-Cell 05.o3a",0.1,82.91,0.331832885742188
"js6040-Cell 05.o3a",0.1,83.41,0.332244873046875
"js6040-Cell 05.o3a",0.1,83.91,0.332992553710938
"js6040-Cell 05.o3a",0.1,84.41,0.33258056640625
"js6040-Cell 05.o3a",0.1,84.92,0.331756591796875
"js6040-Cell 05.o3a",0.1,85.38,0.33135986328125
"js6040-Cell 05.o3a",0.1,85.88,0.332199096679688
"js6040-Cell 05.o3a",0.1,86.41,0.332122802734375
"js6040-Cell 05.o3a",0.1,86.87,0.332046508789062
"js6040-Cell 05.o3a",0.1,87.41,0.332260131835938
"js6040-Cell 05.o3a",0.1,87.91,0.332183837890625
"js6040-Cell 05.o3a",0.1,88.44,0.331451416015625
"js6040-Cell 05.o3a",0.1,88.88,0.3316650390625
"js6040-Cell 05.o3a",0.1,89.39,0.331085205078125
"js6040-Cell 05.o3a",0.1,89.89,0.332321166992188
"js6040-Cell 05.o3a",0.1,90.44,0.33135986328125
"js6040-Cell 05.o3a",0.1,90.33,0.332015991210938
"js6040-Cell 05.o3a",0.1,91.32,0.331832885742188
"js6040-Cell 05.o3a",0.1,91.93,0.330917358398438
"js6040-Cell 05.o3a",0.1,92.43,0.329696655273438
"js6040-Cell 05.o3a",0.1,92.95,0.331253051757812
"js6040-Cell 05.o3a",0.1,93.45,0.330963134765625
"js6040-Cell 05.o3a",0.1,93.94,0.33172607421875
"js6040-Cell 05.o3a",0.1,93.83,0.330535888671875
"js6040-Cell 05.o3a",0.1,94.82,0.33026123046875
"js6040-Cell 05.o3a",0.1,95.42,0.329879760742188
"js6040-Cell 08.o3a",0.5,4.99,0.300857543945312
"js6040-Cell 08.o3a",0.5,5.5,0.302597045898438
"js6040-Cell 08.o3a",0.5,6.01,0.301925659179688
"js6040-Cell 08.o3a",0.5,6.51,0.302474975585938
"js6040-Cell 08.o3a",0.5,7.03,0.303009033203125
"js6040-Cell 08.o3a",0.5,7.52,0.30316162109375
"js6040-Cell 08.o3a",0.5,8.03,0.302902221679688
"js6040-Cell 08.o3a",0.5,8.53,0.30303955078125
"js6040-Cell 08.o3a",0.5,9.03,0.303421020507813
"js6040-Cell 08.o3a",0.5,9.54,0.303726196289063
"js6040-Cell 08.o3a",0.5,10.02,0.303237915039063
"js6040-Cell 08.o3a",0.5,10.55,0.3033447265625
"js6040-Cell 08.o3a",0.5,11.05,0.304229736328125
"js6040-Cell 08.o3a",0.5,11.54,0.3040771484375
"js6040-Cell 08.o3a",0.5,12.06,0.303802490234375
"js6040-Cell 08.o3a",0.5,12.55,0.30419921875
"js6040-Cell 08.o3a",0.5,13.04,0.304046630859375
"js6040-Cell 08.o3a",0.5,13.56,0.304855346679688
"js6040-Cell 08.o3a",0.5,14.07,0.304916381835938
"js6040-Cell 08.o3a",0.5,14.56,0.305419921875
"js6040-Cell 08.o3a",0.5,15.07,0.30548095703125
"js6040-Cell 08.o3a",0.5,15.57,0.305755615234375
"js6040-Cell 08.o3a",0.5,16.07,0.30548095703125
"js6040-Cell 08.o3a",0.5,16.57,0.306045532226563
"js6040-Cell 08.o3a",0.5,17.07,0.306884765625
"js6040-Cell 08.o3a",0.5,17.57,0.30682373046875
"js6040-Cell 08.o3a",0.5,18.07,0.306854248046875
"js6040-Cell 08.o3a",0.5,18.57,0.307373046875
"js6040-Cell 08.o3a",0.5,19.08,0.308013916015625
"js6040-Cell 08.o3a",0.5,19.61,0.309051513671875
"js6040-Cell 08.o3a",0.5,20.1,0.308135986328125
"js6040-Cell 08.o3a",0.5,20.63,0.309616088867188
"js6040-Cell 08.o3a",0.5,21.12,0.309600830078125
"js6040-Cell 08.o3a",0.5,21.66,0.309860229492188
"js6040-Cell 08.o3a",0.5,22.12,0.310394287109375
"js6040-Cell 08.o3a",0.5,22.64,0.310501098632813
"js6040-Cell 08.o3a",0.5,23.13,0.311935424804688
"js6040-Cell 08.o3a",0.5,23.63,0.312042236328125
"js6040-Cell 08.o3a",0.5,24.13,0.313278198242188
"js6040-Cell 08.o3a",0.5,24.62,0.3140869140625
"js6040-Cell 08.o3a",0.5,25.12,0.315093994140625
"js6040-Cell 08.o3a",0.5,25.62,0.316436767578125
"js6040-Cell 08.o3a",0.5,26.13,0.317123413085938
"js6040-Cell 08.o3a",0.5,26.69,0.318679809570313
"js6040-Cell 08.o3a",0.5,27.19,0.319747924804688
"js6040-Cell 08.o3a",0.5,27.69,0.320632934570312
"js6040-Cell 08.o3a",0.5,28.16,0.322647094726562
"js6040-Cell 08.o3a",0.5,28.68,0.323623657226562
"js6040-Cell 08.o3a",0.5,29.18,0.326034545898438
"js6040-Cell 08.o3a",0.5,29.69,0.328231811523438
"js6040-Cell 08.o3a",0.5,30.18,0.329345703125
"js6040-Cell 08.o3a",0.5,30.69,0.332138061523438
"js6040-Cell 08.o3a",0.5,31.18,0.333847045898438
"js6040-Cell 08.o3a",0.5,31.66,0.335662841796875
"js6040-Cell 08.o3a",0.5,32.17,0.338119506835938
"js6040-Cell 08.o3a",0.5,32.66,0.340896606445312
"js6040-Cell 08.o3a",0.5,33.17,0.344039916992188
"js6040-Cell 08.o3a",0.5,33.66,0.345550537109375
"js6040-Cell 08.o3a",0.5,34.18,0.34881591796875
"js6040-Cell 08.o3a",0.5,34.7,0.351272583007813
"js6040-Cell 08.o3a",0.5,35.19,0.353759765625
"js6040-Cell 08.o3a",0.5,35.67,0.3568115234375
"js6040-Cell 08.o3a",0.5,36.17,0.359725952148438
"js6040-Cell 08.o3a",0.5,36.67,0.361572265625
"js6040-Cell 08.o3a",0.5,37.18,0.364791870117188
"js6040-Cell 08.o3a",0.5,37.67,0.366622924804688
"js6040-Cell 08.o3a",0.5,38.17,0.36895751953125
"js6040-Cell 08.o3a",0.5,38.7,0.371490478515625
"js6040-Cell 08.o3a",0.5,39.2,0.373336791992188
"js6040-Cell 08.o3a",0.5,39.72,0.37506103515625
"js6040-Cell 08.o3a",0.5,40.18,0.377120971679688
"js6040-Cell 08.o3a",0.5,40.7,0.37860107421875
"js6040-Cell 08.o3a",0.5,41.19,0.380142211914062
"js6040-Cell 08.o3a",0.5,41.7,0.382156372070312
"js6040-Cell 08.o3a",0.5,42.22,0.382965087890625
"js6040-Cell 08.o3a",0.5,42.73,0.3836669921875
"js6040-Cell 08.o3a",0.5,43.21,0.3851318359375
"js6040-Cell 08.o3a",0.5,43.73,0.385665893554688
"js6040-Cell 08.o3a",0.5,44.22,0.386367797851563
"js6040-Cell 08.o3a",0.5,44.72,0.386627197265625
"js6040-Cell 08.o3a",0.5,45.24,0.387115478515625
"js6040-Cell 08.o3a",0.5,45.73,0.38787841796875
"js6040-Cell 08.o3a",0.5,46.23,0.387954711914063
"js6040-Cell 08.o3a",0.5,46.74,0.38885498046875
"js6040-Cell 08.o3a",0.5,47.24,0.388900756835938
"js6040-Cell 08.o3a",0.5,47.75,0.3892822265625
"js6040-Cell 08.o3a",0.5,48.25,0.38958740234375
"js6040-Cell 08.o3a",0.5,48.75,0.39031982421875
"js6040-Cell 08.o3a",0.5,49.24,0.390472412109375
"js6040-Cell 08.o3a",0.5,49.76,0.390167236328125
"js6040-Cell 08.o3a",0.5,50.25,0.390701293945313
"js6040-Cell 08.o3a",0.5,50.76,0.390945434570313
"js6040-Cell 08.o3a",0.5,51.27,0.390472412109375
"js6040-Cell 08.o3a",0.5,51.76,0.3912353515625
"js6040-Cell 08.o3a",0.5,52.27,0.390823364257813
"js6040-Cell 08.o3a",0.5,52.76,0.391220092773438
"js6040-Cell 08.o3a",0.5,53.28,0.391891479492188
"js6040-Cell 08.o3a",0.5,53.78,0.391998291015625
"js6040-Cell 08.o3a",0.5,54.27,0.391281127929688
"js6040-Cell 08.o3a",0.5,54.78,0.391647338867188
"js6040-Cell 08.o3a",0.5,55.28,0.392654418945313
"js6040-Cell 08.o3a",0.5,55.78,0.392181396484375
"js6040-Cell 08.o3a",0.5,56.28,0.392852783203125
"js6040-Cell 08.o3a",0.5,56.8,0.392593383789063
"js6040-Cell 08.o3a",0.5,57.27,0.392044067382813
"js6040-Cell 08.o3a",0.5,57.79,0.3931884765625
"js6040-Cell 08.o3a",0.5,58.29,0.39404296875
"js6040-Cell 08.o3a",0.5,58.79,0.392959594726563
"js6040-Cell 08.o3a",0.5,59.3,0.393997192382812
"js6040-Cell 08.o3a",0.5,59.8,0.39410400390625
"js6040-Cell 08.o3a",0.5,60.3,0.393234252929688
"js6040-Cell 08.o3a",0.5,60.81,0.39459228515625
"js6040-Cell 08.o3a",0.5,61.31,0.39404296875
"js6040-Cell 08.o3a",0.5,61.79,0.394805908203125
"js6040-Cell 08.o3a",0.5,62.31,0.394500732421875
"js6040-Cell 08.o3a",0.5,62.81,0.39410400390625
"js6040-Cell 08.o3a",0.5,63.32,0.393951416015625
"js6040-Cell 08.o3a",0.5,63.83,0.394027709960938
"js6040-Cell 08.o3a",0.5,64.32,0.394195556640625
"js6040-Cell 08.o3a",0.5,64.83,0.394805908203125
"js6040-Cell 08.o3a",0.5,65.31,0.394180297851562
"js6040-Cell 08.o3a",0.5,65.83,0.3953857421875
"js6040-Cell 08.o3a",0.5,66.3,0.394577026367188
"js6040-Cell 08.o3a",0.5,66.82,0.394302368164062
"js6040-Cell 08.o3a",0.5,67.34,0.3951416015625
"js6040-Cell 08.o3a",0.5,67.81,0.395462036132812
"js6040-Cell 08.o3a",0.5,68.34,0.395416259765625
"js6040-Cell 08.o3a",0.5,68.85,0.395156860351562
"js6040-Cell 08.o3a",0.5,69.34,0.395751953125
"js6040-Cell 08.o3a",0.5,69.83,0.394790649414062
"js6040-Cell 08.o3a",0.5,70.33,0.394561767578125
"js6040-Cell 08.o3a",0.5,70.84,0.39593505859375
"js6040-Cell 08.o3a",0.5,71.34,0.395187377929688
"js6040-Cell 08.o3a",0.5,71.84,0.395919799804688
"js6040-Cell 08.o3a",0.5,72.36,0.394088745117188
"js6040-Cell 08.o3a",0.5,72.88,0.395736694335938
"js6040-Cell 08.o3a",0.5,73.37,0.395004272460938
"js6040-Cell 08.o3a",0.5,73.87,0.395095825195313
"js6040-Cell 08.o3a",0.5,74.38,0.3948974609375
"js6040-Cell 08.o3a",0.5,74.86,0.394912719726562
"js6040-Cell 08.o3a",0.5,75.37,0.39483642578125
"js6040-Cell 08.o3a",0.5,75.87,0.396438598632812
"js6040-Cell 08.o3a",0.5,76.35,0.395187377929688
"js6040-Cell 08.o3a",0.5,76.88,0.395248413085938
"js6040-Cell 08.o3a",0.5,77.38,0.3955078125
"js6040-Cell 08.o3a",0.5,77.87,0.395919799804688
"js6040-Cell 08.o3a",0.5,78.36,0.395736694335938
"js6040-Cell 08.o3a",0.5,78.89,0.395614624023438
"js6040-Cell 08.o3a",0.5,79.4,0.395553588867188
"js6040-Cell 08.o3a",0.5,79.89,0.395599365234375
"js6040-Cell 08.o3a",0.5,80.36,0.395706176757813
"js6040-Cell 08.o3a",0.5,80.89,0.395584106445313
"js6040-Cell 08.o3a",0.5,81.39,0.395233154296875
"js6040-Cell 08.o3a",0.5,81.9,0.39501953125
"js6040-Cell 08.o3a",0.5,82.4,0.396072387695312
"js6040-Cell 08.o3a",0.5,82.9,0.395751953125
"js6040-Cell 08.o3a",0.5,83.4,0.396011352539063
"js6040-Cell 08.o3a",0.5,83.91,0.396347045898438
"js6040-Cell 08.o3a",0.5,84.41,0.394729614257812
"js6040-Cell 08.o3a",0.5,84.92,0.3956298828125
"js6040-Cell 08.o3a",0.5,85.42,0.395553588867188
"js6040-Cell 08.o3a",0.5,85.91,0.395965576171875
"js6040-Cell 08.o3a",0.5,86.44,0.394882202148438
"js6040-Cell 08.o3a",0.5,86.94,0.396316528320313
"js6040-Cell 08.o3a",0.5,86.83,0.391830444335938
"js6040-Cell 08.o3a",0.5,87.81,0.3936767578125
"js6040-Cell 08.o3a",0.5,88.42,0.396133422851562
"js6040-Cell 08.o3a",0.5,88.95,0.395370483398438
"js6040-Cell 08.o3a",0.5,88.82,0.391815185546875
"js6040-Cell 08.o3a",0.5,89.81,0.394668579101562
"js6040-Cell 08.o3a",0.5,90.41,0.39556884765625
"js6040-Cell 08.o3a",0.5,90.94,0.395523071289062
"js6040-Cell 08.o3a",0.5,91.46,0.395217895507813
"js6040-Cell 08.o3a",0.5,91.96,0.395248413085938
"js6040-Cell 08.o3a",0.5,91.81,0.390853881835938
"js6040-Cell 08.o3a",0.5,92.79,0.395614624023438
"js6040-Cell 08.o3a",0.5,93.41,0.395111083984375
"js6040-Cell 08.o3a",0.5,93.95,0.395156860351563
"js6040-Cell 08.o3a",0.5,93.81,0.391372680664062
"js6040-Cell 08.o3a",0.5,94.81,0.394744873046875
"js6040-Cell 08.o3a",0.5,95.43,0.393753051757812
"js6040-Cell 09.o3a",0.5,4.99,0.467605590820312
"js6040-Cell 09.o3a",0.5,5.5,0.468536376953125
"js6040-Cell 09.o3a",0.5,6.02,0.467605590820312
"js6040-Cell 09.o3a",0.5,6.51,0.468124389648438
"js6040-Cell 09.o3a",0.5,7.03,0.468963623046875
"js6040-Cell 09.o3a",0.5,7.52,0.468505859375
"js6040-Cell 09.o3a",0.5,8.04,0.46905517578125
"js6040-Cell 09.o3a",0.5,8.54,0.468795776367188
"js6040-Cell 09.o3a",0.5,9.03,0.469802856445313
"js6040-Cell 09.o3a",0.5,9.55,0.469512939453125
"js6040-Cell 09.o3a",0.5,10.02,0.469619750976563
"js6040-Cell 09.o3a",0.5,10.55,0.469833374023438
"js6040-Cell 09.o3a",0.5,11.05,0.471328735351563
"js6040-Cell 09.o3a",0.5,11.55,0.469635009765625
"js6040-Cell 09.o3a",0.5,12.05,0.46966552734375
"js6040-Cell 09.o3a",0.5,12.56,0.470596313476563
"js6040-Cell 09.o3a",0.5,13.05,0.4703369140625
"js6040-Cell 09.o3a",0.5,13.57,0.471145629882812
"js6040-Cell 09.o3a",0.5,14.07,0.47149658203125
"js6040-Cell 09.o3a",0.5,14.57,0.471542358398438
"js6040-Cell 09.o3a",0.5,15.07,0.471481323242188
"js6040-Cell 09.o3a",0.5,15.56,0.4725341796875
"js6040-Cell 09.o3a",0.5,16.07,0.472793579101562
"js6040-Cell 09.o3a",0.5,16.58,0.472686767578125
"js6040-Cell 09.o3a",0.5,17.07,0.474624633789063
"js6040-Cell 09.o3a",0.5,17.57,0.474227905273438
"js6040-Cell 09.o3a",0.5,18.08,0.47357177734375
"js6040-Cell 09.o3a",0.5,18.58,0.47515869140625
"js6040-Cell 09.o3a",0.5,19.08,0.475250244140625
"js6040-Cell 09.o3a",0.5,19.61,0.47589111328125
"js6040-Cell 09.o3a",0.5,20.11,0.475845336914062
"js6040-Cell 09.o3a",0.5,20.63,0.47723388671875
"js6040-Cell 09.o3a",0.5,21.13,0.478225708007812
"js6040-Cell 09.o3a",0.5,21.66,0.47845458984375
"js6040-Cell 09.o3a",0.5,22.13,0.479095458984375
"js6040-Cell 09.o3a",0.5,22.64,0.4793701171875
"js6040-Cell 09.o3a",0.5,23.14,0.480499267578125
"js6040-Cell 09.o3a",0.5,23.64,0.481094360351563
"js6040-Cell 09.o3a",0.5,24.14,0.482421875
"js6040-Cell 09.o3a",0.5,24.63,0.483535766601563
"js6040-Cell 09.o3a",0.5,25.13,0.484786987304688
"js6040-Cell 09.o3a",0.5,25.62,0.487457275390625
"js6040-Cell 09.o3a",0.5,26.13,0.487838745117188
"js6040-Cell 09.o3a",0.5,26.69,0.489852905273438
"js6040-Cell 09.o3a",0.5,27.19,0.491409301757812
"js6040-Cell 09.o3a",0.5,27.7,0.492355346679688
"js6040-Cell 09.o3a",0.5,28.16,0.49468994140625
"js6040-Cell 09.o3a",0.5,28.69,0.4964599609375
"js6040-Cell 09.o3a",0.5,29.18,0.49920654296875
"js6040-Cell 09.o3a",0.5,29.69,0.501708984375
"js6040-Cell 09.o3a",0.5,30.19,0.504013061523438
"js6040-Cell 09.o3a",0.5,30.69,0.507156372070312
"js6040-Cell 09.o3a",0.5,31.19,0.509582519531251
"js6040-Cell 09.o3a",0.5,31.67,0.513534545898438
"js6040-Cell 09.o3a",0.5,32.18,0.51629638671875
"js6040-Cell 09.o3a",0.5,32.67,0.518966674804688
"js6040-Cell 09.o3a",0.5,33.17,0.523101806640625
"js6040-Cell 09.o3a",0.5,33.66,0.526809692382813
"js6040-Cell 09.o3a",0.5,34.19,0.531616210937501
"js6040-Cell 09.o3a",0.5,34.7,0.535430908203125
"js6040-Cell 09.o3a",0.5,35.19,0.538238525390626
"js6040-Cell 09.o3a",0.5,35.68,0.542373657226562
"js6040-Cell 09.o3a",0.5,36.17,0.546554565429688
"js6040-Cell 09.o3a",0.5,36.67,0.550872802734375
"js6040-Cell 09.o3a",0.5,37.19,0.554855346679688
"js6040-Cell 09.o3a",0.5,37.68,0.559097290039062
"js6040-Cell 09.o3a",0.5,38.17,0.563598632812501
"js6040-Cell 09.o3a",0.5,38.7,0.567184448242188
"js6040-Cell 09.o3a",0.5,39.2,0.571548461914062
"js6040-Cell 09.o3a",0.5,39.71,0.573196411132813
"js6040-Cell 09.o3a",0.5,40.19,0.576538085937501
"js6040-Cell 09.o3a",0.5,40.7,0.580398559570312
"js6040-Cell 09.o3a",0.5,41.19,0.582397460937501
"js6040-Cell 09.o3a",0.5,41.71,0.585830688476562
"js6040-Cell 09.o3a",0.5,42.22,0.588821411132813
"js6040-Cell 09.o3a",0.5,42.74,0.589996337890625
"js6040-Cell 09.o3a",0.5,43.22,0.593246459960938
"js6040-Cell 09.o3a",0.5,43.74,0.593978881835938
"js6040-Cell 09.o3a",0.5,44.22,0.59539794921875
"js6040-Cell 09.o3a",0.5,44.73,0.596954345703125
"js6040-Cell 09.o3a",0.5,45.24,0.598007202148438
"js6040-Cell 09.o3a",0.5,45.73,0.597930908203126
"js6040-Cell 09.o3a",0.5,46.23,0.599334716796875
"js6040-Cell 09.o3a",0.5,46.74,0.600692749023438
"js6040-Cell 09.o3a",0.5,47.24,0.601303100585938
"js6040-Cell 09.o3a",0.5,47.75,0.601867675781251
"js6040-Cell 09.o3a",0.5,48.26,0.603286743164063
"js6040-Cell 09.o3a",0.5,48.76,0.602432250976562
"js6040-Cell 09.o3a",0.5,49.24,0.603836059570313
"js6040-Cell 09.o3a",0.5,49.76,0.603790283203126
"js6040-Cell 09.o3a",0.5,50.26,0.604873657226563
"js6040-Cell 09.o3a",0.5,50.76,0.605575561523438
"js6040-Cell 09.o3a",0.5,51.27,0.604248046875
"js6040-Cell 09.o3a",0.5,51.77,0.605056762695312
"js6040-Cell 09.o3a",0.5,52.27,0.60491943359375
"js6040-Cell 09.o3a",0.5,52.77,0.605606079101563
"js6040-Cell 09.o3a",0.5,53.27,0.606460571289062
"js6040-Cell 09.o3a",0.5,53.79,0.606307983398438
"js6040-Cell 09.o3a",0.5,54.28,0.606521606445313
"js6040-Cell 09.o3a",0.5,54.78,0.606903076171876
"js6040-Cell 09.o3a",0.5,55.28,0.60662841796875
"js6040-Cell 09.o3a",0.5,55.78,0.606552124023438
"js6040-Cell 09.o3a",0.5,56.28,0.60693359375
"js6040-Cell 09.o3a",0.5,56.8,0.606765747070313
"js6040-Cell 09.o3a",0.5,57.26,0.60711669921875
"js6040-Cell 09.o3a",0.5,57.8,0.607406616210938
"js6040-Cell 09.o3a",0.5,58.29,0.608123779296875
"js6040-Cell 09.o3a",0.5,58.79,0.607376098632813
"js6040-Cell 09.o3a",0.5,59.3,0.607696533203126
"js6040-Cell 09.o3a",0.5,59.8,0.607437133789062
"js6040-Cell 09.o3a",0.5,60.3,0.607040405273438
"js6040-Cell 09.o3a",0.5,60.81,0.608200073242188
"js6040-Cell 09.o3a",0.5,61.31,0.608123779296875
"js6040-Cell 09.o3a",0.5,61.8,0.607498168945313
"js6040-Cell 09.o3a",0.5,62.31,0.607498168945312
"js6040-Cell 09.o3a",0.5,62.82,0.6092529296875
"js6040-Cell 09.o3a",0.5,63.32,0.608367919921875
"js6040-Cell 09.o3a",0.5,63.83,0.608642578125001
"js6040-Cell 09.o3a",0.5,64.32,0.608764648437501
"js6040-Cell 09.o3a",0.5,64.83,0.6085205078125
"js6040-Cell 09.o3a",0.5,65.31,0.609298706054688
"js6040-Cell 09.o3a",0.5,65.83,0.608428955078126
"js6040-Cell 09.o3a",0.5,66.32,0.609603881835938
"js6040-Cell 09.o3a",0.5,66.83,0.609008789062501
"js6040-Cell 09.o3a",0.5,67.33,0.609115600585938
"js6040-Cell 09.o3a",0.5,67.82,0.609008789062501
"js6040-Cell 09.o3a",0.5,68.34,0.609344482421875
"js6040-Cell 09.o3a",0.5,68.85,0.609695434570312
"js6040-Cell 09.o3a",0.5,69.34,0.60919189453125
"js6040-Cell 09.o3a",0.5,69.83,0.610336303710938
"js6040-Cell 09.o3a",0.5,70.33,0.610198974609375
"js6040-Cell 09.o3a",0.5,70.85,0.609939575195313
"js6040-Cell 09.o3a",0.5,71.33,0.609588623046876
"js6040-Cell 09.o3a",0.5,71.85,0.610107421875001
"js6040-Cell 09.o3a",0.5,72.35,0.609405517578126
"js6040-Cell 09.o3a",0.5,72.87,0.610702514648438
"js6040-Cell 09.o3a",0.5,73.37,0.610076904296875
"js6040-Cell 09.o3a",0.5,73.86,0.610260009765625
"js6040-Cell 09.o3a",0.5,74.38,0.61151123046875
"js6040-Cell 09.o3a",0.5,74.87,0.610870361328126
"js6040-Cell 09.o3a",0.5,75.37,0.610229492187501
"js6040-Cell 09.o3a",0.5,75.88,0.609924316406251
"js6040-Cell 09.o3a",0.5,76.36,0.609420776367188
"js6040-Cell 09.o3a",0.5,76.88,0.609710693359376
"js6040-Cell 09.o3a",0.5,77.39,0.608749389648438
"js6040-Cell 09.o3a",0.5,77.88,0.609664916992188
"js6040-Cell 09.o3a",0.5,78.37,0.609695434570313
"js6040-Cell 09.o3a",0.5,78.89,0.609970092773438
"js6040-Cell 09.o3a",0.5,79.39,0.608367919921876
"js6040-Cell 09.o3a",0.5,79.88,0.608963012695313
"js6040-Cell 09.o3a",0.5,80.37,0.609054565429688
"js6040-Cell 09.o3a",0.5,80.9,0.609420776367188
"js6040-Cell 09.o3a",0.5,81.39,0.609161376953126
"js6040-Cell 09.o3a",0.5,81.91,0.608535766601562
"js6040-Cell 09.o3a",0.5,82.41,0.609329223632812
"js6040-Cell 09.o3a",0.5,82.91,0.608825683593751
"js6040-Cell 09.o3a",0.5,83.4,0.609649658203125
"js6040-Cell 09.o3a",0.5,83.92,0.609527587890625
"js6040-Cell 09.o3a",0.5,84.41,0.609237670898438
"js6040-Cell 09.o3a",0.5,84.92,0.608276367187501
"js6040-Cell 09.o3a",0.5,85.42,0.608840942382813
"js6040-Cell 09.o3a",0.5,85.91,0.608367919921875
"js6040-Cell 09.o3a",0.5,86.44,0.6077880859375
"js6040-Cell 09.o3a",0.5,86.93,0.608123779296875
"js6040-Cell 09.o3a",0.5,86.83,0.608230590820313
"js6040-Cell 09.o3a",0.5,87.81,0.608734130859376
"js6040-Cell 09.o3a",0.5,88.42,0.609069824218751
"js6040-Cell 09.o3a",0.5,88.96,0.609283447265626
"js6040-Cell 09.o3a",0.5,88.82,0.607391357421875
"js6040-Cell 09.o3a",0.5,89.82,0.607604980468751
"js6040-Cell 09.o3a",0.5,90.42,0.607696533203126
"js6040-Cell 09.o3a",0.5,90.95,0.608047485351562
"js6040-Cell 09.o3a",0.5,91.46,0.607589721679688
"js6040-Cell 09.o3a",0.5,91.96,0.608001708984375
"js6040-Cell 09.o3a",0.5,91.81,0.606155395507813
"js6040-Cell 09.o3a",0.5,92.8,0.6077880859375
"js6040-Cell 09.o3a",0.5,93.42,0.608108520507813
"js6040-Cell 09.o3a",0.5,93.95,0.607635498046875
"js6040-Cell 09.o3a",0.5,93.8,0.606903076171876
"js6040-Cell 09.o3a",0.5,94.81,0.606124877929688
"js6040-Cell 09.o3a",0.5,95.43,0.607192993164062
"js6040-Cell 10.o3a",0.5,4.98,0.777832031250001
"js6040-Cell 10.o3a",0.5,5.5,0.779876708984376
"js6040-Cell 10.o3a",0.5,6.01,0.779541015625001
"js6040-Cell 10.o3a",0.5,6.51,0.780502319335938
"js6040-Cell 10.o3a",0.5,7.03,0.78070068359375
"js6040-Cell 10.o3a",0.5,7.52,0.780792236328125
"js6040-Cell 10.o3a",0.5,8.04,0.781356811523438
"js6040-Cell 10.o3a",0.5,8.54,0.781860351562501
"js6040-Cell 10.o3a",0.5,9.04,0.782196044921875
"js6040-Cell 10.o3a",0.5,9.55,0.782577514648438
"js6040-Cell 10.o3a",0.5,10.03,0.782989501953125
"js6040-Cell 10.o3a",0.5,10.55,0.783050537109376
"js6040-Cell 10.o3a",0.5,11.06,0.784637451171875
"js6040-Cell 10.o3a",0.5,11.55,0.784103393554688
"js6040-Cell 10.o3a",0.5,12.06,0.784500122070313
"js6040-Cell 10.o3a",0.5,12.56,0.784576416015625
"js6040-Cell 10.o3a",0.5,13.05,0.785369873046876
"js6040-Cell 10.o3a",0.5,13.57,0.785598754882812
"js6040-Cell 10.o3a",0.5,14.08,0.786468505859375
"js6040-Cell 10.o3a",0.5,14.57,0.7862548828125
"js6040-Cell 10.o3a",0.5,15.08,0.786712646484375
"js6040-Cell 10.o3a",0.5,15.57,0.788177490234376
"js6040-Cell 10.o3a",0.5,16.07,0.788070678710938
"js6040-Cell 10.o3a",0.5,16.59,0.788726806640625
"js6040-Cell 10.o3a",0.5,17.07,0.789947509765625
"js6040-Cell 10.o3a",0.5,17.58,0.790405273437501
"js6040-Cell 10.o3a",0.5,18.08,0.790451049804688
"js6040-Cell 10.o3a",0.5,18.58,0.791397094726562
"js6040-Cell 10.o3a",0.5,19.08,0.79217529296875
"js6040-Cell 10.o3a",0.5,19.62,0.793655395507813
"js6040-Cell 10.o3a",0.5,20.11,0.793579101562501
"js6040-Cell 10.o3a",0.5,20.63,0.79486083984375
"js6040-Cell 10.o3a",0.5,21.14,0.796096801757812
"js6040-Cell 10.o3a",0.5,21.66,0.797851562500001
"js6040-Cell 10.o3a",0.5,22.13,0.798110961914063
"js6040-Cell 10.o3a",0.5,22.64,0.7984619140625
"js6040-Cell 10.o3a",0.5,23.14,0.8001708984375
"js6040-Cell 10.o3a",0.5,23.64,0.801376342773438
"js6040-Cell 10.o3a",0.5,24.14,0.803558349609376
"js6040-Cell 10.o3a",0.5,24.64,0.804519653320313
"js6040-Cell 10.o3a",0.5,25.13,0.806106567382813
"js6040-Cell 10.o3a",0.5,25.63,0.808502197265625
"js6040-Cell 10.o3a",0.5,26.13,0.810379028320312
"js6040-Cell 10.o3a",0.5,26.69,0.8128662109375
"js6040-Cell 10.o3a",0.5,27.2,0.814895629882812
"js6040-Cell 10.o3a",0.5,27.7,0.816253662109376
"js6040-Cell 10.o3a",0.5,28.16,0.819885253906251
"js6040-Cell 10.o3a",0.5,28.7,0.821960449218751
"js6040-Cell 10.o3a",0.5,29.18,0.825424194335938
"js6040-Cell 10.o3a",0.5,29.69,0.829421997070313
"js6040-Cell 10.o3a",0.5,30.19,0.832077026367188
"js6040-Cell 10.o3a",0.5,30.69,0.836914062500001
"js6040-Cell 10.o3a",0.5,31.19,0.840270996093751
"js6040-Cell 10.o3a",0.5,31.68,0.845336914062501
"js6040-Cell 10.o3a",0.5,32.18,0.84930419921875
"js6040-Cell 10.o3a",0.5,32.67,0.855087280273438
"js6040-Cell 10.o3a",0.5,33.18,0.859268188476563
"js6040-Cell 10.o3a",0.5,33.66,0.864715576171875
"js6040-Cell 10.o3a",0.5,34.19,0.870819091796876
"js6040-Cell 10.o3a",0.5,34.7,0.87646484375
"js6040-Cell 10.o3a",0.5,35.19,0.882171630859376
"js6040-Cell 10.o3a",0.5,35.68,0.888046264648438
"js6040-Cell 10.o3a",0.5,36.18,0.89349365234375
"js6040-Cell 10.o3a",0.5,36.68,0.901138305664063
"js6040-Cell 10.o3a",0.5,37.19,0.906021118164062
"js6040-Cell 10.o3a",0.5,37.68,0.912872314453126
"js6040-Cell 10.o3a",0.5,38.18,0.920379638671876
"js6040-Cell 10.o3a",0.5,38.7,0.927108764648438
"js6040-Cell 10.o3a",0.5,39.2,0.933074951171876
"js6040-Cell 10.o3a",0.5,39.72,0.937469482421875
"js6040-Cell 10.o3a",0.5,40.19,0.944442749023438
"js6040-Cell 10.o3a",0.5,40.71,0.949798583984376
"js6040-Cell 10.o3a",0.5,41.19,0.955703735351562
"js6040-Cell 10.o3a",0.5,41.71,0.961349487304688
"js6040-Cell 10.o3a",0.5,42.23,0.966812133789063
"js6040-Cell 10.o3a",0.5,42.74,0.969879150390625
"js6040-Cell 10.o3a",0.5,43.23,0.974670410156251
"js6040-Cell 10.o3a",0.5,43.74,0.9774169921875
"js6040-Cell 10.o3a",0.5,44.23,0.980926513671875
"js6040-Cell 10.o3a",0.5,44.73,0.983734130859375
"js6040-Cell 10.o3a",0.5,45.24,0.986740112304688
"js6040-Cell 10.o3a",0.5,45.74,0.988952636718751
"js6040-Cell 10.o3a",0.5,46.23,0.990951538085938
"js6040-Cell 10.o3a",0.5,46.75,0.993331909179688
"js6040-Cell 10.o3a",0.5,47.24,0.99554443359375
"js6040-Cell 10.o3a",0.5,47.75,0.996658325195312
"js6040-Cell 10.o3a",0.5,48.25,0.998947143554688
"js6040-Cell 10.o3a",0.5,48.77,0.999099731445312
"js6040-Cell 10.o3a",0.5,49.25,0.999954223632813
"js6040-Cell 10.o3a",0.5,49.76,1.00027465820313
"js6040-Cell 10.o3a",0.5,50.25,1.00172424316406
"js6040-Cell 10.o3a",0.5,50.77,1.00286865234376
"js6040-Cell 10.o3a",0.5,51.27,1.00300598144531
"js6040-Cell 10.o3a",0.5,51.77,1.00502014160156
"js6040-Cell 10.o3a",0.5,52.28,1.00474548339844
"js6040-Cell 10.o3a",0.5,52.77,1.00489807128906
"js6040-Cell 10.o3a",0.5,53.27,1.00651550292969
"js6040-Cell 10.o3a",0.5,53.79,1.00631713867187
"js6040-Cell 10.o3a",0.5,54.28,1.00691223144531
"js6040-Cell 10.o3a",0.5,54.78,1.00752258300782
"js6040-Cell 10.o3a",0.5,55.28,1.00761413574219
"js6040-Cell 10.o3a",0.5,55.78,1.00767517089844
"js6040-Cell 10.o3a",0.5,56.29,1.00849914550781
"js6040-Cell 10.o3a",0.5,56.8,1.00814819335938
"js6040-Cell 10.o3a",0.5,57.27,1.00952148437501
"js6040-Cell 10.o3a",0.5,57.79,1.00985717773438
"js6040-Cell 10.o3a",0.5,58.3,1.00930786132812
"js6040-Cell 10.o3a",0.5,58.8,1.00955200195313
"js6040-Cell 10.o3a",0.5,59.3,1.00996398925782
"js6040-Cell 10.o3a",0.5,59.8,1.00994873046875
"js6040-Cell 10.o3a",0.5,60.3,1.01019287109375
"js6040-Cell 10.o3a",0.5,60.81,1.01078796386719
"js6040-Cell 10.o3a",0.5,61.31,1.01092529296875
"js6040-Cell 10.o3a",0.5,61.79,1.01036071777344
"js6040-Cell 10.o3a",0.5,62.32,1.01063537597656
"js6040-Cell 10.o3a",0.5,62.82,1.01112365722656
"js6040-Cell 10.o3a",0.5,63.32,1.01123046875001
"js6040-Cell 10.o3a",0.5,63.83,1.01258850097656
"js6040-Cell 10.o3a",0.5,64.32,1.01167297363282
"js6040-Cell 10.o3a",0.5,64.84,1.01152038574219
"js6040-Cell 10.o3a",0.5,65.31,1.0123291015625
"js6040-Cell 10.o3a",0.5,65.83,1.01223754882813
"js6040-Cell 10.o3a",0.5,66.32,1.01295471191406
"js6040-Cell 10.o3a",0.5,66.84,1.01258850097656
"js6040-Cell 10.o3a",0.5,67.34,1.01287841796875
"js6040-Cell 10.o3a",0.5,67.82,1.01329040527344
"js6040-Cell 10.o3a",0.5,68.35,1.01359558105469
"js6040-Cell 10.o3a",0.5,68.85,1.01278686523438
"js6040-Cell 10.o3a",0.5,69.35,1.01303100585938
"js6040-Cell 10.o3a",0.5,69.83,1.01429748535156
"js6040-Cell 10.o3a",0.5,70.34,1.01390075683594
"js6040-Cell 10.o3a",0.5,70.85,1.01298522949219
"js6040-Cell 10.o3a",0.5,71.34,1.01332092285157
"js6040-Cell 10.o3a",0.5,71.85,1.01382446289063
"js6040-Cell 10.o3a",0.5,72.35,1.01374816894532
"js6040-Cell 10.o3a",0.5,72.87,1.01478576660157
"js6040-Cell 10.o3a",0.5,73.37,1.01412963867188
"js6040-Cell 10.o3a",0.5,73.87,1.01416015625
"js6040-Cell 10.o3a",0.5,74.38,1.01446533203125
"js6040-Cell 10.o3a",0.5,74.87,1.01481628417969
"js6040-Cell 10.o3a",0.5,75.38,1.01423645019531
"js6040-Cell 10.o3a",0.5,75.87,1.014404296875
"js6040-Cell 10.o3a",0.5,76.37,1.01467895507812
"js6040-Cell 10.o3a",0.5,76.88,1.01463317871094
"js6040-Cell 10.o3a",0.5,77.39,1.01388549804688
"js6040-Cell 10.o3a",0.5,77.88,1.01506042480469
"js6040-Cell 10.o3a",0.5,78.38,1.01371765136719
"js6040-Cell 10.o3a",0.5,78.89,1.01472473144531
"js6040-Cell 10.o3a",0.5,79.4,1.01361083984375
"js6040-Cell 10.o3a",0.5,79.89,1.01408386230469
"js6040-Cell 10.o3a",0.5,80.37,1.01377868652344
"js6040-Cell 10.o3a",0.5,80.9,1.01420593261719
"js6040-Cell 10.o3a",0.5,81.39,1.01423645019532
"js6040-Cell 10.o3a",0.5,81.9,1.01457214355469
"js6040-Cell 10.o3a",0.5,82.4,1.01409912109375
"js6040-Cell 10.o3a",0.5,82.91,1.01416015625
"js6040-Cell 10.o3a",0.5,83.4,1.01428222656251
"js6040-Cell 10.o3a",0.5,83.92,1.01431274414062
"js6040-Cell 10.o3a",0.5,84.41,1.01446533203125
"js6040-Cell 10.o3a",0.5,84.92,1.01362609863281
"js6040-Cell 10.o3a",0.5,85.42,1.01339721679688
"js6040-Cell 10.o3a",0.5,85.91,1.013671875
"js6040-Cell 10.o3a",0.5,86.44,1.01348876953125
"js6040-Cell 10.o3a",0.5,86.93,1.01327514648438
"js6040-Cell 10.o3a",0.5,86.82,1.01391601562501
"js6040-Cell 10.o3a",0.5,87.82,1.01370239257812
"js6040-Cell 10.o3a",0.5,88.42,1.01382446289062
"js6040-Cell 10.o3a",0.5,88.95,1.01463317871094
"js6040-Cell 10.o3a",0.5,88.82,1.01240539550781
"js6040-Cell 10.o3a",0.5,89.82,1.01249694824219
"js6040-Cell 10.o3a",0.5,90.41,1.0125732421875
"js6040-Cell 10.o3a",0.5,90.94,1.01242065429687
"js6040-Cell 10.o3a",0.5,91.46,1.01303100585938
"js6040-Cell 10.o3a",0.5,91.96,1.01287841796876
"js6040-Cell 10.o3a",0.5,91.82,1.01205444335938
"js6040-Cell 10.o3a",0.5,92.8,1.01295471191406
"js6040-Cell 10.o3a",0.5,93.42,1.01112365722656
"js6040-Cell 10.o3a",0.5,93.95,1.01051330566406
"js6040-Cell 10.o3a",0.5,93.81,1.01177978515625
"js6040-Cell 10.o3a",0.5,94.81,1.01083374023438
"js6040-Cell 10.o3a",0.5,95.43,1.01129150390625
"js6040-Cell 12.o3a",0.1,4.85,0.710708618164063
"js6040-Cell 12.o3a",0.1,5.49,0.7083740234375
"js6040-Cell 12.o3a",0.1,6.04,0.709259033203126
"js6040-Cell 12.o3a",0.1,6.52,0.710357666015625
"js6040-Cell 12.o3a",0.1,7.04,0.710876464843751
"js6040-Cell 12.o3a",0.1,7.54,0.709701538085938
"js6040-Cell 12.o3a",0.1,8.06,0.713348388671876
"js6040-Cell 12.o3a",0.1,8.56,0.7130126953125
"js6040-Cell 12.o3a",0.1,9.07,0.7137451171875
"js6040-Cell 12.o3a",0.1,9.57,0.714035034179688
"js6040-Cell 12.o3a",0.1,10.06,0.715911865234376
"js6040-Cell 12.o3a",0.1,10.57,0.716384887695312
"js6040-Cell 12.o3a",0.1,11.07,0.71636962890625
"js6040-Cell 12.o3a",0.1,11.57,0.718429565429688
"js6040-Cell 12.o3a",0.1,12.07,0.720001220703125
"js6040-Cell 12.o3a",0.1,12.59,0.71826171875
"js6040-Cell 12.o3a",0.1,13.09,0.720886230468751
"js6040-Cell 12.o3a",0.1,13.57,0.722396850585938
"js6040-Cell 12.o3a",0.1,14.09,0.723281860351563
"js6040-Cell 12.o3a",0.1,14.57,0.723983764648438
"js6040-Cell 12.o3a",0.1,15.1,0.725860595703125
"js6040-Cell 12.o3a",0.1,15.59,0.726409912109376
"js6040-Cell 12.o3a",0.1,16.1,0.727081298828125
"js6040-Cell 12.o3a",0.1,16.6,0.727783203125001
"js6040-Cell 12.o3a",0.1,17.12,0.729858398437501
"js6040-Cell 12.o3a",0.1,17.61,0.731079101562501
"js6040-Cell 12.o3a",0.1,18.12,0.731231689453126
"js6040-Cell 12.o3a",0.1,18.63,0.732269287109375
"js6040-Cell 12.o3a",0.1,19.13,0.733245849609375
"js6040-Cell 12.o3a",0.1,19.64,0.73431396484375
"js6040-Cell 12.o3a",0.1,20.14,0.736022949218751
"js6040-Cell 12.o3a",0.1,20.66,0.737762451171875
"js6040-Cell 12.o3a",0.1,21.14,0.738815307617188
"js6040-Cell 12.o3a",0.1,21.66,0.739349365234376
"js6040-Cell 12.o3a",0.1,22.15,0.741668701171876
"js6040-Cell 12.o3a",0.1,22.67,0.741821289062501
"js6040-Cell 12.o3a",0.1,23.15,0.743469238281251
"js6040-Cell 12.o3a",0.1,23.66,0.745788574218751
"js6040-Cell 12.o3a",0.1,24.15,0.747116088867188
"js6040-Cell 12.o3a",0.1,24.64,0.748153686523438
"js6040-Cell 12.o3a",0.1,25.14,0.749984741210938
"js6040-Cell 12.o3a",0.1,25.62,0.751693725585938
"js6040-Cell 12.o3a",0.1,26.13,0.752456665039063
"js6040-Cell 12.o3a",0.1,26.68,0.755615234375001
"js6040-Cell 12.o3a",0.1,27.16,0.757995605468751
"js6040-Cell 12.o3a",0.1,27.66,0.759674072265626
"js6040-Cell 12.o3a",0.1,28.15,0.761108398437501
"js6040-Cell 12.o3a",0.1,28.64,0.762390136718751
"js6040-Cell 12.o3a",0.1,29.14,0.765655517578125
"js6040-Cell 12.o3a",0.1,29.65,0.766876220703125
"js6040-Cell 12.o3a",0.1,30.14,0.770553588867188
"js6040-Cell 12.o3a",0.1,30.65,0.773361206054688
"js6040-Cell 12.o3a",0.1,31.14,0.776641845703126
"js6040-Cell 12.o3a",0.1,31.65,0.779190063476562
"js6040-Cell 12.o3a",0.1,32.14,0.782012939453126
"js6040-Cell 12.o3a",0.1,32.65,0.785064697265626
"js6040-Cell 12.o3a",0.1,33.16,0.788665771484376
"js6040-Cell 12.o3a",0.1,33.66,0.793136596679688
"js6040-Cell 12.o3a",0.1,34.16,0.796707153320312
"js6040-Cell 12.o3a",0.1,34.66,0.800247192382812
"js6040-Cell 12.o3a",0.1,35.16,0.805160522460938
"js6040-Cell 12.o3a",0.1,35.67,0.809799194335938
"js6040-Cell 12.o3a",0.1,36.16,0.81341552734375
"js6040-Cell 12.o3a",0.1,36.66,0.818313598632812
"js6040-Cell 12.o3a",0.1,37.17,0.823593139648438
"js6040-Cell 12.o3a",0.1,37.66,0.828323364257813
"js6040-Cell 12.o3a",0.1,38.17,0.834197998046875
"js6040-Cell 12.o3a",0.1,38.67,0.8394775390625
"js6040-Cell 12.o3a",0.1,39.17,0.8450927734375
"js6040-Cell 12.o3a",0.1,39.68,0.850845336914063
"js6040-Cell 12.o3a",0.1,40.17,0.857055664062501
"js6040-Cell 12.o3a",0.1,40.68,0.861938476562501
"js6040-Cell 12.o3a",0.1,41.2,0.867523193359375
"js6040-Cell 12.o3a",0.1,41.68,0.873245239257812
"js6040-Cell 12.o3a",0.1,42.17,0.878707885742188
"js6040-Cell 12.o3a",0.1,42.68,0.884048461914062
"js6040-Cell 12.o3a",0.1,43.18,0.889144897460938
"js6040-Cell 12.o3a",0.1,43.69,0.893859863281251
"js6040-Cell 12.o3a",0.1,44.19,0.899490356445312
"js6040-Cell 12.o3a",0.1,44.69,0.903732299804688
"js6040-Cell 12.o3a",0.1,45.2,0.907440185546876
"js6040-Cell 12.o3a",0.1,45.69,0.912506103515626
"js6040-Cell 12.o3a",0.1,46.21,0.915313720703125
"js6040-Cell 12.o3a",0.1,46.7,0.917968750000001
"js6040-Cell 12.o3a",0.1,47.2,0.920669555664062
"js6040-Cell 12.o3a",0.1,47.69,0.922988891601562
"js6040-Cell 12.o3a",0.1,48.21,0.92584228515625
"js6040-Cell 12.o3a",0.1,48.71,0.926986694335938
"js6040-Cell 12.o3a",0.1,49.21,0.928756713867188
"js6040-Cell 12.o3a",0.1,49.71,0.929534912109375
"js6040-Cell 12.o3a",0.1,50.22,0.932067871093751
"js6040-Cell 12.o3a",0.1,50.71,0.932937622070312
"js6040-Cell 12.o3a",0.1,51.21,0.933242797851563
"js6040-Cell 12.o3a",0.1,51.71,0.934539794921875
"js6040-Cell 12.o3a",0.1,52.21,0.934158325195312
"js6040-Cell 12.o3a",0.1,52.72,0.934860229492188
"js6040-Cell 12.o3a",0.1,53.23,0.935348510742188
"js6040-Cell 12.o3a",0.1,53.73,0.934951782226562
"js6040-Cell 12.o3a",0.1,54.23,0.935791015625
"js6040-Cell 12.o3a",0.1,54.73,0.935592651367188
"js6040-Cell 12.o3a",0.1,55.22,0.935180664062501
"js6040-Cell 12.o3a",0.1,55.73,0.935272216796875
"js6040-Cell 12.o3a",0.1,56.23,0.933853149414063
"js6040-Cell 12.o3a",0.1,56.75,0.935440063476562
"js6040-Cell 12.o3a",0.1,57.24,0.934555053710938
"js6040-Cell 12.o3a",0.1,57.73,0.934906005859376
"js6040-Cell 12.o3a",0.1,58.24,0.933273315429688
"js6040-Cell 12.o3a",0.1,58.74,0.932769775390625
"js6040-Cell 12.o3a",0.1,59.24,0.932189941406251
"js6040-Cell 12.o3a",0.1,59.74,0.932296752929688
"js6040-Cell 12.o3a",0.1,60.24,0.931365966796876
"js6040-Cell 12.o3a",0.1,60.75,0.929901123046875
"js6040-Cell 12.o3a",0.1,61.26,0.929443359375001
"js6040-Cell 12.o3a",0.1,61.76,0.929718017578126
"js6040-Cell 12.o3a",0.1,62.26,0.928436279296876
"js6040-Cell 12.o3a",0.1,62.76,0.927078247070312
"js6040-Cell 12.o3a",0.1,63.26,0.928253173828125
"js6040-Cell 12.o3a",0.1,63.76,0.926956176757813
"js6040-Cell 12.o3a",0.1,64.26,0.9276123046875
"js6040-Cell 12.o3a",0.1,64.77,0.925201416015626
"js6040-Cell 12.o3a",0.1,65.26,0.924102783203125
"js6040-Cell 12.o3a",0.1,65.78,0.925201416015626
"js6040-Cell 12.o3a",0.1,66.28,0.923629760742188
"js6040-Cell 12.o3a",0.1,66.78,0.922576904296876
"js6040-Cell 12.o3a",0.1,67.28,0.922805786132813
"js6040-Cell 12.o3a",0.1,67.78,0.921035766601562
"js6040-Cell 12.o3a",0.1,68.28,0.921646118164062
"js6040-Cell 12.o3a",0.1,68.78,0.919921875
"js6040-Cell 12.o3a",0.1,69.29,0.91900634765625
"js6040-Cell 12.o3a",0.1,69.79,0.918792724609375
"js6040-Cell 12.o3a",0.1,70.3,0.917312622070313
"js6040-Cell 12.o3a",0.1,70.79,0.917602539062501
"js6040-Cell 12.o3a",0.1,71.29,0.916458129882812
"js6040-Cell 12.o3a",0.1,71.79,0.916549682617188
"js6040-Cell 12.o3a",0.1,72.29,0.914947509765626
"js6040-Cell 12.o3a",0.1,72.81,0.913253784179688
"js6040-Cell 12.o3a",0.1,73.3,0.914505004882813
"js6040-Cell 12.o3a",0.1,73.81,0.913558959960938
"js6040-Cell 12.o3a",0.1,74.31,0.911849975585938
"js6040-Cell 12.o3a",0.1,74.84,0.911346435546876
"js6040-Cell 12.o3a",0.1,75.31,0.909759521484376
"js6040-Cell 12.o3a",0.1,75.81,0.909194946289062
"js6040-Cell 12.o3a",0.1,76.31,0.909042358398438
"js6040-Cell 12.o3a",0.1,76.8,0.907516479492188
"js6040-Cell 12.o3a",0.1,77.31,0.906677246093751
"js6040-Cell 12.o3a",0.1,77.82,0.90478515625
"js6040-Cell 12.o3a",0.1,78.32,0.906387329101562
"js6040-Cell 12.o3a",0.1,78.82,0.904388427734375
"js6040-Cell 12.o3a",0.1,79.33,0.903915405273438
"js6040-Cell 12.o3a",0.1,79.83,0.902984619140625
"js6040-Cell 12.o3a",0.1,80.33,0.9024658203125
"js6040-Cell 12.o3a",0.1,80.84,0.902069091796875
"js6040-Cell 12.o3a",0.1,81.35,0.901580810546875
"js6040-Cell 12.o3a",0.1,81.85,0.900344848632813
"js6040-Cell 12.o3a",0.1,82.39,0.899978637695312
"js6040-Cell 12.o3a",0.1,82.87,0.898727416992188
"js6040-Cell 12.o3a",0.1,83.36,0.898620605468751
"js6040-Cell 12.o3a",0.1,83.86,0.8975830078125
"js6040-Cell 12.o3a",0.1,84.37,0.896957397460938
"js6040-Cell 12.o3a",0.1,84.91,0.895324707031251
"js6040-Cell 12.o3a",0.1,85.42,0.895095825195312
"js6040-Cell 12.o3a",0.1,85.87,0.893356323242188
"js6040-Cell 12.o3a",0.1,86.43,0.893341064453125
"js6040-Cell 12.o3a",0.1,86.88,0.893035888671875
"js6040-Cell 12.o3a",0.1,87.37,0.892913818359375
"js6040-Cell 12.o3a",0.1,87.87,0.892303466796876
"js6040-Cell 12.o3a",0.1,88.38,0.891494750976562
"js6040-Cell 12.o3a",0.1,88.89,0.891006469726563
"js6040-Cell 12.o3a",0.1,89.39,0.889617919921875
"js6040-Cell 12.o3a",0.1,89.89,0.889526367187501
"js6040-Cell 12.o3a",0.1,90.39,0.889556884765626
"js6040-Cell 12.o3a",0.1,90.89,0.888595581054688
"js6040-Cell 12.o3a",0.1,91.45,0.888565063476562
"js6040-Cell 12.o3a",0.1,91.91,0.889160156250001
"js6040-Cell 12.o3a",0.1,92.42,0.887298583984376
"js6040-Cell 12.o3a",0.1,92.92,0.886703491210938
"js6040-Cell 12.o3a",0.1,93.41,0.885757446289063
"js6040-Cell 12.o3a",0.1,93.91,0.885940551757812
"js6040-Cell 12.o3a",0.1,94.42,0.885330200195312
"js6040-Cell 12.o3a",0.1,94.96,0.885665893554688
"js6040-Cell 12.o3a",0.1,95.42,0.884353637695313
"js6040-Cell 13.o3a",0.1,5.05,1.076416015625
"js6040-Cell 13.o3a",0.1,5.48,1.07609558105469
"js6040-Cell 13.o3a",0.1,6,1.07687377929687
"js6040-Cell 13.o3a",0.1,6.53,1.07763671875
"js6040-Cell 13.o3a",0.1,7.05,1.07844543457031
"js6040-Cell 13.o3a",0.1,7.56,1.0787353515625
"js6040-Cell 13.o3a",0.1,8.08,1.08049011230469
"js6040-Cell 13.o3a",0.1,8.56,1.08180236816406
"js6040-Cell 13.o3a",0.1,9.05,1.08311462402344
"js6040-Cell 13.o3a",0.1,9.58,1.08316040039062
"js6040-Cell 13.o3a",0.1,10.05,1.08464050292969
"js6040-Cell 13.o3a",0.1,10.55,1.08514404296875
"js6040-Cell 13.o3a",0.1,11.08,1.08595275878906
"js6040-Cell 13.o3a",0.1,11.55,1.08648681640626
"js6040-Cell 13.o3a",0.1,12.07,1.08882141113281
"js6040-Cell 13.o3a",0.1,12.58,1.08860778808594
"js6040-Cell 13.o3a",0.1,13.08,1.08963012695312
"js6040-Cell 13.o3a",0.1,13.59,1.09111022949219
"js6040-Cell 13.o3a",0.1,14.09,1.09136962890625
"js6040-Cell 13.o3a",0.1,14.56,1.09378051757813
"js6040-Cell 13.o3a",0.1,15.1,1.09359741210938
"js6040-Cell 13.o3a",0.1,15.58,1.09394836425782
"js6040-Cell 13.o3a",0.1,16.09,1.09541320800781
"js6040-Cell 13.o3a",0.1,16.56,1.09661865234375
"js6040-Cell 13.o3a",0.1,17.08,1.09742736816407
"js6040-Cell 13.o3a",0.1,17.58,1.09893798828125
"js6040-Cell 13.o3a",0.1,18.08,1.0999755859375
"js6040-Cell 13.o3a",0.1,18.6,1.10064697265625
"js6040-Cell 13.o3a",0.1,19.12,1.10163879394531
"js6040-Cell 13.o3a",0.1,19.62,1.10293579101562
"js6040-Cell 13.o3a",0.1,20.12,1.10379028320313
"js6040-Cell 13.o3a",0.1,20.63,1.10565185546876
"js6040-Cell 13.o3a",0.1,21.13,1.10733032226562
"js6040-Cell 13.o3a",0.1,21.62,1.1080322265625
"js6040-Cell 13.o3a",0.1,22.14,1.11004638671875
"js6040-Cell 13.o3a",0.1,22.62,1.11087036132812
"js6040-Cell 13.o3a",0.1,23.13,1.11273193359375
"js6040-Cell 13.o3a",0.1,23.62,1.11408996582031
"js6040-Cell 13.o3a",0.1,24.12,1.11491394042969
"js6040-Cell 13.o3a",0.1,24.63,1.11705017089844
"js6040-Cell 13.o3a",0.1,25.12,1.11964416503906
"js6040-Cell 13.o3a",0.1,25.62,1.11968994140626
"js6040-Cell 13.o3a",0.1,26.12,1.12213134765626
"js6040-Cell 13.o3a",0.1,26.67,1.12525939941406
"js6040-Cell 13.o3a",0.1,27.13,1.12770080566407
"js6040-Cell 13.o3a",0.1,27.65,1.12942504882813
"js6040-Cell 13.o3a",0.1,28.15,1.13090515136719
"js6040-Cell 13.o3a",0.1,28.65,1.13356018066407
"js6040-Cell 13.o3a",0.1,29.15,1.13711547851563
"js6040-Cell 13.o3a",0.1,29.63,1.14013671875
"js6040-Cell 13.o3a",0.1,30.15,1.14276123046875
"js6040-Cell 13.o3a",0.1,30.64,1.147216796875
"js6040-Cell 13.o3a",0.1,31.13,1.14993286132812
"js6040-Cell 13.o3a",0.1,31.64,1.15388488769532
"js6040-Cell 13.o3a",0.1,32.15,1.15814208984375
"js6040-Cell 13.o3a",0.1,32.64,1.16322326660157
"js6040-Cell 13.o3a",0.1,33.15,1.1668701171875
"js6040-Cell 13.o3a",0.1,33.64,1.17283630371094
"js6040-Cell 13.o3a",0.1,34.14,1.17652893066406
"js6040-Cell 13.o3a",0.1,34.64,1.18392944335937
"js6040-Cell 13.o3a",0.1,35.15,1.19100952148437
"js6040-Cell 13.o3a",0.1,35.65,1.19519042968751
"js6040-Cell 13.o3a",0.1,36.14,1.20242309570312
"js6040-Cell 13.o3a",0.1,36.64,1.208740234375
"js6040-Cell 13.o3a",0.1,37.15,1.21649169921875
"js6040-Cell 13.o3a",0.1,37.65,1.22373962402344
"js6040-Cell 13.o3a",0.1,38.15,1.23123168945312
"js6040-Cell 13.o3a",0.1,38.66,1.24134826660156
"js6040-Cell 13.o3a",0.1,39.17,1.25115966796876
"js6040-Cell 13.o3a",0.1,39.66,1.25787353515625
"js6040-Cell 13.o3a",0.1,40.16,1.26626586914062
"js6040-Cell 13.o3a",0.1,40.65,1.27638244628907
"js6040-Cell 13.o3a",0.1,41.18,1.28567504882812
"js6040-Cell 13.o3a",0.1,41.68,1.29417419433594
"js6040-Cell 13.o3a",0.1,42.17,1.30203247070312
"js6040-Cell 13.o3a",0.1,42.65,1.30973815917969
"js6040-Cell 13.o3a",0.1,43.16,1.31787109375
"js6040-Cell 13.o3a",0.1,43.67,1.32875061035156
"js6040-Cell 13.o3a",0.1,44.18,1.33506774902344
"js6040-Cell 13.o3a",0.1,44.66,1.34585571289062
"js6040-Cell 13.o3a",0.1,45.18,1.35215759277344
"js6040-Cell 13.o3a",0.1,45.67,1.36027526855469
"js6040-Cell 13.o3a",0.1,46.19,1.36605834960938
"js6040-Cell 13.o3a",0.1,46.66,1.37284851074219
"js6040-Cell 13.o3a",0.1,47.19,1.37889099121094
"js6040-Cell 13.o3a",0.1,47.67,1.38450622558594
"js6040-Cell 13.o3a",0.1,48.19,1.38984680175781
"js6040-Cell 13.o3a",0.1,48.68,1.39274597167969
"js6040-Cell 13.o3a",0.1,49.18,1.39779663085937
"js6040-Cell 13.o3a",0.1,49.7,1.40280151367188
"js6040-Cell 13.o3a",0.1,50.2,1.40666198730469
"js6040-Cell 13.o3a",0.1,50.68,1.40768432617187
"js6040-Cell 13.o3a",0.1,51.18,1.41058349609376
"js6040-Cell 13.o3a",0.1,51.68,1.41220092773438
"js6040-Cell 13.o3a",0.1,52.17,1.41352844238282
"js6040-Cell 13.o3a",0.1,52.69,1.416259765625
"js6040-Cell 13.o3a",0.1,53.18,1.41917419433594
"js6040-Cell 13.o3a",0.1,53.71,1.41880798339844
"js6040-Cell 13.o3a",0.1,54.19,1.42201232910156
"js6040-Cell 13.o3a",0.1,54.72,1.42280578613281
"js6040-Cell 13.o3a",0.1,55.19,1.42277526855469
"js6040-Cell 13.o3a",0.1,55.7,1.42419433593751
"js6040-Cell 13.o3a",0.1,56.19,1.42500305175781
"js6040-Cell 13.o3a",0.1,56.73,1.42568969726563
"js6040-Cell 13.o3a",0.1,57.19,1.42707824707031
"js6040-Cell 13.o3a",0.1,57.73,1.42764282226562
"js6040-Cell 13.o3a",0.1,58.24,1.42689514160156
"js6040-Cell 13.o3a",0.1,58.7,1.42770385742188
"js6040-Cell 13.o3a",0.1,59.24,1.42842102050782
"js6040-Cell 13.o3a",0.1,59.71,1.42747497558594
"js6040-Cell 13.o3a",0.1,60.2,1.42776489257812
"js6040-Cell 13.o3a",0.1,60.73,1.42828369140626
"js6040-Cell 13.o3a",0.1,61.2,1.42900085449219
"js6040-Cell 13.o3a",0.1,61.74,1.4290771484375
"js6040-Cell 13.o3a",0.1,62.25,1.42886352539063
"js6040-Cell 13.o3a",0.1,62.75,1.42970275878907
"js6040-Cell 13.o3a",0.1,63.2,1.4305419921875
"js6040-Cell 13.o3a",0.1,63.71,1.43089294433594
"js6040-Cell 13.o3a",0.1,64.2,1.42967224121094
"js6040-Cell 13.o3a",0.1,64.7,1.42878723144531
"js6040-Cell 13.o3a",0.1,65.26,1.42985534667969
"js6040-Cell 13.o3a",0.1,65.77,1.43064880371094
"js6040-Cell 13.o3a",0.1,66.27,1.42924499511719
"js6040-Cell 13.o3a",0.1,66.72,1.42843627929687
"js6040-Cell 13.o3a",0.1,67.21,1.42861938476562
"js6040-Cell 13.o3a",0.1,67.77,1.4290771484375
"js6040-Cell 13.o3a",0.1,68.28,1.42936706542969
"js6040-Cell 13.o3a",0.1,68.72,1.42938232421876
"js6040-Cell 13.o3a",0.1,69.27,1.42903137207031
"js6040-Cell 13.o3a",0.1,69.78,1.42729187011719
"js6040-Cell 13.o3a",0.1,70.28,1.43016052246094
"js6040-Cell 13.o3a",0.1,70.72,1.42913818359375
"js6040-Cell 13.o3a",0.1,71.28,1.42790222167969
"js6040-Cell 13.o3a",0.1,71.72,1.42985534667969
"js6040-Cell 13.o3a",0.1,72.28,1.42768859863281
"js6040-Cell 13.o3a",0.1,72.79,1.42852783203125
"js6040-Cell 13.o3a",0.1,73.23,1.428466796875
"js6040-Cell 13.o3a",0.1,73.73,1.42776489257813
"js6040-Cell 13.o3a",0.1,74.23,1.42803955078125
"js6040-Cell 13.o3a",0.1,74.74,1.42881774902344
"js6040-Cell 13.o3a",0.1,75.23,1.42718505859375
"js6040-Cell 13.o3a",0.1,75.79,1.42796325683594
"js6040-Cell 13.o3a",0.1,76.31,1.42718505859375
"js6040-Cell 13.o3a",0.1,76.81,1.42684936523438
"js6040-Cell 13.o3a",0.1,77.32,1.42720031738282
"js6040-Cell 13.o3a",0.1,77.83,1.42579650878906
"js6040-Cell 13.o3a",0.1,78.33,1.42575073242187
"js6040-Cell 13.o3a",0.1,78.76,1.42355346679688
"js6040-Cell 13.o3a",0.1,79.31,1.42626953125001
"js6040-Cell 13.o3a",0.1,79.77,1.42474365234375
"js6040-Cell 13.o3a",0.1,80.33,1.42504882812501
"js6040-Cell 13.o3a",0.1,80.83,1.42570495605469
"js6040-Cell 13.o3a",0.1,81.27,1.42359924316406
"js6040-Cell 13.o3a",0.1,81.82,1.42343139648438
"js6040-Cell 13.o3a",0.1,82.34,1.42300415039062
"js6040-Cell 13.o3a",0.1,82.84,1.42291259765626
"js6040-Cell 13.o3a",0.1,83.35,1.42366027832032
"js6040-Cell 13.o3a",0.1,83.78,1.42221069335938
"js6040-Cell 13.o3a",0.1,84.34,1.42314147949219
"js6040-Cell 13.o3a",0.1,84.77,1.42227172851563
"js6040-Cell 13.o3a",0.1,85.28,1.42149353027344
"js6040-Cell 13.o3a",0.1,85.78,1.42124938964844
"js6040-Cell 13.o3a",0.1,86.35,1.42077636718751
"js6040-Cell 13.o3a",0.1,86.78,1.42062377929688
"js6040-Cell 13.o3a",0.1,87.28,1.42086791992188
"js6040-Cell 13.o3a",0.1,87.86,1.42062377929688
"js6040-Cell 13.o3a",0.1,88.3,1.42024230957032
"js6040-Cell 13.o3a",0.1,88.79,1.42002868652344
"js6040-Cell 13.o3a",0.1,89.29,1.42060852050781
"js6040-Cell 13.o3a",0.1,89.79,1.41983032226562
"js6040-Cell 13.o3a",0.1,90.36,1.41780090332032
"js6040-Cell 13.o3a",0.1,90.8,1.4193115234375
"js6040-Cell 13.o3a",0.1,91.29,1.41928100585938
"js6040-Cell 13.o3a",0.1,91.87,1.41860961914062
"js6040-Cell 13.o3a",0.1,92.4,1.41691589355469
"js6040-Cell 13.o3a",0.1,92.91,1.417724609375
"js6040-Cell 13.o3a",0.1,93.41,1.41815185546876
"js6040-Cell 13.o3a",0.1,93.83,1.41807556152344
"js6040-Cell 13.o3a",0.1,94.4,1.41636657714844
"js6040-Cell 13.o3a",0.1,94.82,1.41572570800781
"js6040-Cell 13.o3a",0.1,95.39,1.41560363769531
